sp,status,year,mean,sd,se,iv
Pinus pinaster,Decaimiento,1985,0.394832547484514,0.06122454946058776,0.006802727717843084,ndvi
Pinus pinaster,Decaimiento,1986,0.42495238410747516,0.08207752744099601,0.00911972527122178,ndvi
Pinus pinaster,Decaimiento,1987,0.3866225792570419,0.08020537681566733,0.004653987997038281,ndvi
Pinus pinaster,Decaimiento,1988,0.4352743079174467,0.07692698263369846,0.003789920413490961,ndvi
Pinus pinaster,Decaimiento,1989,0.42630990757901116,0.05994140385257134,0.0036479176687311547,ndvi
Pinus pinaster,Decaimiento,1990,0.4250537059783953,0.07098146006486963,0.0032197844140124435,ndvi
Pinus pinaster,Decaimiento,1991,0.41144090266301,0.09159182222325708,0.0055741007905200975,ndvi
Pinus pinaster,Decaimiento,1992,0.4008091687254184,0.0593657526883023,0.004030009886809448,ndvi
Pinus pinaster,Decaimiento,1993,0.41761186658902,0.07343525029363511,0.004996635898693738,ndvi
Pinus pinaster,Decaimiento,1994,0.4555379578823439,0.07970059998281576,0.004850424050809338,ndvi
Pinus pinaster,Decaimiento,1995,0.4238386840491539,0.07205036603426421,0.0040027981130146785,ndvi
Pinus pinaster,Decaimiento,1996,0.4409247391291934,0.06838998943937964,0.00326780009767315,ndvi
Pinus pinaster,Decaimiento,1997,0.43860005153745046,0.051828480876655154,0.002493598948818852,ndvi
Pinus pinaster,Decaimiento,1998,0.48384078439461714,0.09285274849071025,0.0038994489056388463,ndvi
Pinus pinaster,Decaimiento,1999,0.4742206225551609,0.08416188848349906,0.0034244986758128447,ndvi
Pinus pinaster,Decaimiento,2000,0.438760274261808,0.08053418362281224,0.0025911448846890335,ndvi
Pinus pinaster,Decaimiento,2001,0.45736835256086034,0.08151196087335189,0.0029606477410740227,ndvi
Pinus pinaster,Decaimiento,2002,0.4184265065306581,0.09726076764986709,0.0038207637971461226,ndvi
Pinus pinaster,Decaimiento,2003,0.38698848755545334,0.1003600209113488,0.004920554855880264,ndvi
Pinus pinaster,Decaimiento,2004,0.44004124552587953,0.10604576899633854,0.004728347136599055,ndvi
Pinus pinaster,Decaimiento,2005,0.4157968055947988,0.10304200033782877,0.004413834346650512,ndvi
Pinus pinaster,Decaimiento,2006,0.42556032333458116,0.10054476774124517,0.004598810633974481,ndvi
Pinus pinaster,Decaimiento,2007,0.44232621303761344,0.08098201424781719,0.0036288908302536367,ndvi
Pinus pinaster,Decaimiento,2008,0.4540268067906799,0.08347190541597838,0.0042707942153392235,ndvi
Pinus pinaster,Decaimiento,2009,0.42666744657301264,0.08970422078104263,0.003140275845323638,ndvi
Pinus pinaster,Decaimiento,2010,0.46815023300713016,0.07613571538662861,0.002934816152771781,ndvi
Pinus pinaster,Decaimiento,2011,0.48985266341768574,0.09532294324171367,0.003545098404091613,ndvi
Pinus pinaster,Decaimiento,2012,0.45479150136625324,0.09932547597100992,0.005883533422431542,ndvi
Pinus pinaster,Decaimiento,2013,0.4975104646777131,0.09648688058761917,0.003474890125170824,ndvi
Pinus pinaster,Decaimiento,2014,0.45592971368951224,0.0997806179468889,0.0036005229144714696,ndvi
Pinus pinaster,Decaimiento,2015,0.4904854904098932,0.11360010947056563,0.003896451609247225,ndvi
Pinus pinaster,Decaimiento,2016,0.47414587607403597,0.09471144806519152,0.0034332873101085293,ndvi
Pinus pinaster,Decaimiento,2017,0.4896581532511759,0.09518419636605545,0.00272623315232994,ndvi
Pinus pinaster,Decaimiento,2018,0.49620492011442735,0.0933962218833633,0.003616316153472856,ndvi
Pinus pinaster,Decaimiento,2019,0.5081918924335647,0.10649566990045962,0.0037746389403603892,ndvi
Pinus pinaster,Decaimiento,2020,0.5167264093589081,0.08146402211609753,0.0029038787755763375,ndvi
Pinus pinaster,Decaimiento,2021,0.5311779455799203,0.10889160136070784,0.004475417247439759,ndvi
Pinus pinaster,Decaimiento,2022,0.5274614977978197,0.11026913110000452,0.003915771658839928,ndvi
Pinus pinaster,Decaimiento,2023,0.5400999360662605,0.09608273005536104,0.003130544510625222,ndvi
Pinus pinaster,Sanos,1985,0.4535225420940528,0.06604011644093521,0.017051484743822714,ndvi
Pinus pinaster,Sanos,1986,0.4683574686487971,0.07111274263322516,0.018361231194774348,ndvi
Pinus pinaster,Sanos,1987,0.43955822067955563,0.09409316299967227,0.012687519510622093,ndvi
Pinus pinaster,Sanos,1988,0.4874965637552341,0.07074101484994756,0.008168468793272907,ndvi
Pinus pinaster,Sanos,1989,0.4687281490890889,0.05185296864203146,0.00733311715028677,ndvi
Pinus pinaster,Sanos,1990,0.47100317371004646,0.07278439992522613,0.007672149396410121,ndvi
Pinus pinaster,Sanos,1991,0.45550165916094476,0.09373284957836148,0.013255826711359603,ndvi
Pinus pinaster,Sanos,1992,0.42875445326802564,0.07040584830859616,0.011132142062573864,ndvi
Pinus pinaster,Sanos,1993,0.4472501442655584,0.07703238153888003,0.01217988896249837,ndvi
Pinus pinaster,Sanos,1994,0.5041027434112944,0.07858139154932625,0.01111308696792077,ndvi
Pinus pinaster,Sanos,1995,0.45307440037428853,0.08539953792237077,0.011025032938238357,ndvi
Pinus pinaster,Sanos,1996,0.4970503860554789,0.07090119211471435,0.007926994262713668,ndvi
Pinus pinaster,Sanos,1997,0.48272540916440104,0.05576215314450156,0.006234398250142956,ndvi
Pinus pinaster,Sanos,1998,0.530573504216398,0.09297516783219824,0.009073447306984438,ndvi
Pinus pinaster,Sanos,1999,0.5270167441525565,0.09104899419778177,0.008681180975602392,ndvi
Pinus pinaster,Sanos,2000,0.4917641814233501,0.09142570865463354,0.0068144699814283805,ndvi
Pinus pinaster,Sanos,2001,0.49568545152535115,0.07973549759298769,0.00669125431745458,ndvi
Pinus pinaster,Sanos,2002,0.43876875832412765,0.09458827869843986,0.008634688986453485,ndvi
Pinus pinaster,Sanos,2003,0.40658173036194767,0.1089369696197856,0.012495927415479103,ndvi
Pinus pinaster,Sanos,2004,0.47484888499422667,0.10751152854939741,0.011030450089126675,ndvi
Pinus pinaster,Sanos,2005,0.4403350681870063,0.1119755914547523,0.011087235675228289,ndvi
Pinus pinaster,Sanos,2006,0.45454615542007903,0.10850765974844999,0.011017283621321226,ndvi
Pinus pinaster,Sanos,2007,0.46875798670076313,0.07841785723884513,0.00804550239439592,ndvi
Pinus pinaster,Sanos,2008,0.4805665366179068,0.08119021500262327,0.00977415329530782,ndvi
Pinus pinaster,Sanos,2009,0.4536656711661237,0.08810688659106725,0.007099855250386184,ndvi
Pinus pinaster,Sanos,2010,0.5055420433896767,0.06937279770812055,0.006255134516533874,ndvi
Pinus pinaster,Sanos,2011,0.5232617091954291,0.0881626264212871,0.007587830753056688,ndvi
Pinus pinaster,Sanos,2012,0.49062645835161883,0.10422744154646918,0.013927977734531987,ndvi
Pinus pinaster,Sanos,2013,0.5402229547440162,0.09173380226384736,0.00778075955576468,ndvi
Pinus pinaster,Sanos,2014,0.5081920884383343,0.09112900710034896,0.007647376395869947,ndvi
Pinus pinaster,Sanos,2015,0.5528803588980363,0.10010164677900327,0.00801454594578537,ndvi
Pinus pinaster,Sanos,2016,0.5199246440909635,0.0902627523718926,0.007683675744083331,ndvi
Pinus pinaster,Sanos,2017,0.5253132677382099,0.08450996089682525,0.0056976604013413545,ndvi
Pinus pinaster,Sanos,2018,0.5338595759664096,0.07644085749032331,0.006949168862756664,ndvi
Pinus pinaster,Sanos,2019,0.5365234933086287,0.09596782377698991,0.00783573999929868,ndvi
Pinus pinaster,Sanos,2020,0.5569249868333701,0.07448944782173633,0.006340962893086609,ndvi
Pinus pinaster,Sanos,2021,0.5735617699182909,0.1010626509979602,0.009635945689653877,ndvi
Pinus pinaster,Sanos,2022,0.5688646935038058,0.09879872416900465,0.00835001620931834,ndvi
Pinus pinaster,Sanos,2023,0.5852317828513278,0.08565046253919059,0.006511884081878492,ndvi
Pinus sylvestris,Decaimiento,1985,0.5611178036843162,0.04866547037061022,0.010881929990568633,ndvi
Pinus sylvestris,Decaimiento,1986,0.5381805341390955,0.09531847287124705,0.030142347736211023,ndvi
Pinus sylvestris,Decaimiento,1987,0.5159688164030617,0.128714261246175,0.010917401148094134,ndvi
Pinus sylvestris,Decaimiento,1988,0.574651394357434,0.0612417486287377,0.006455447118610157,ndvi
Pinus sylvestris,Decaimiento,1989,0.559628548814362,0.06145671738341573,0.006871069887165529,ndvi
Pinus sylvestris,Decaimiento,1990,0.5183866253633101,0.085771001512537845,0.0085771001512537845,ndvi
Pinus sylvestris,Decaimiento,1991,0.5501346106120915,0.06281238836474502,0.00993151062538267,ndvi
Pinus sylvestris,Decaimiento,1992,0.4268922818302706,0.1482905849984433,0.019144232203277545,ndvi
Pinus sylvestris,Decaimiento,1993,0.5205887974057763,0.06085866111322491,0.005802645660303547,ndvi
Pinus sylvestris,Decaimiento,1994,0.5195188598147705,0.12486548330694056,0.016120064578797364,ndvi
Pinus sylvestris,Decaimiento,1995,0.5251992417516467,0.07242162228264964,0.007633909275252516,ndvi
Pinus sylvestris,Decaimiento,1996,0.5531585985431928,0.0655939765857089,0.00452641441421065,ndvi
Pinus sylvestris,Decaimiento,1997,0.5695337670522084,0.06215979693659921,0.004190812654539825,ndvi
Pinus sylvestris,Decaimiento,1998,0.5453214282293286,0.11007840783885176,0.0065784431159487495,ndvi
Pinus sylvestris,Decaimiento,1999,0.5713186938768339,0.11661733135365003,0.009427952449975555,ndvi
Pinus sylvestris,Decaimiento,2000,0.5771362625958499,0.07597287106477638,0.00505364020987918,ndvi
Pinus sylvestris,Decaimiento,2001,0.5836127035633085,0.07149706015132186,0.005483574194157834,ndvi
Pinus sylvestris,Decaimiento,2002,0.5944574410251994,0.059963288968120046,0.005067822879892218,ndvi
Pinus sylvestris,Decaimiento,2003,0.5470934131439332,0.07421334775278923,0.006059494469935275,ndvi
Pinus sylvestris,Decaimiento,2004,0.5550646796222748,0.11885696298473174,0.008622790380562764,ndvi
Pinus sylvestris,Decaimiento,2005,0.5541388527997793,0.07899202624617427,0.006700016219499473,ndvi
Pinus sylvestris,Decaimiento,2006,0.5729269135625464,0.09210753185480434,0.007422236432830057,ndvi
Pinus sylvestris,Decaimiento,2007,0.5550873024416085,0.0742074001489751,0.00512079710911444,ndvi
Pinus sylvestris,Decaimiento,2008,0.595018930389223,0.0688474109054372,0.006364945389807498,ndvi
Pinus sylvestris,Decaimiento,2009,0.5552126987375894,0.07041690200657519,0.004032060079650784,ndvi
Pinus sylvestris,Decaimiento,2010,0.5997480096306962,0.0609005315894255,0.004539257616660957,ndvi
Pinus sylvestris,Decaimiento,2011,0.5799045207204657,0.08310271221551035,0.004506877351720673,ndvi
Pinus sylvestris,Decaimiento,2012,0.5546861570187943,0.05846411649751479,0.0063043478148159145,ndvi
Pinus sylvestris,Decaimiento,2013,0.6293697176719072,0.06898377719678586,0.004057869246869757,ndvi
Pinus sylvestris,Decaimiento,2014,0.5802718068797741,0.06023403487607749,0.003383080446023508,ndvi
Pinus sylvestris,Decaimiento,2015,0.5886554385736449,0.07279084160851156,0.0036214797253576853,ndvi
Pinus sylvestris,Decaimiento,2016,0.6068424711013297,0.06921964201583704,0.0037105622931081885,ndvi
Pinus sylvestris,Decaimiento,2017,0.575677401864176,0.06968717368512099,0.003041397603615254,ndvi
Pinus sylvestris,Decaimiento,2018,0.5605497345441062,0.11468075611886042,0.0060695492483720135,ndvi
Pinus sylvestris,Decaimiento,2019,0.5987953683706572,0.06889378974259802,0.0034796618506165193,ndvi
Pinus sylvestris,Decaimiento,2020,0.6317303377227539,0.05664868980028687,0.003985787905566977,ndvi
Pinus sylvestris,Decaimiento,2021,0.6192408945399017,0.09381240190284164,0.0055569670987033176,ndvi
Pinus sylvestris,Decaimiento,2022,0.587216711226782,0.08317168903738476,0.004656720581558085,ndvi
Pinus sylvestris,Decaimiento,2023,0.625580869424064,0.07425357163271579,0.003908082717511357,ndvi
Pinus sylvestris,Sanos,1985,0.54736590847868,0.0435873217868898,0.01089683044672245,ndvi
Pinus sylvestris,Sanos,1986,0.4939555640235659,0.0936194593001435,0.033099477261074726,ndvi
Pinus sylvestris,Sanos,1987,0.6123108757813074,0.1458167299968017,0.013311185380148083,ndvi
Pinus sylvestris,Sanos,1988,0.620634151588839,0.09284185598751746,0.010941517657786412,ndvi
Pinus sylvestris,Sanos,1989,0.6163685066770924,0.10041860665727001,0.012552325832158751,ndvi
Pinus sylvestris,Sanos,1990,0.5762116124897301,0.0997692656555815,0.010758396596111917,ndvi
Pinus sylvestris,Sanos,1991,0.5485893469047775,0.1403571965499155,0.02481188136719458,ndvi
Pinus sylvestris,Sanos,1992,0.4304506916129741,0.1585264897358726,0.022881327880673125,ndvi
Pinus sylvestris,Sanos,1993,0.6020150507630725,0.09544996461739856,0.010671630466722645,ndvi
Pinus sylvestris,Sanos,1994,0.5979590012054226,0.11967032469861978,0.017272923544689515,ndvi
Pinus sylvestris,Sanos,1995,0.5818538167013375,0.050885150550389203,0.005996872502646432,ndvi
Pinus sylvestris,Sanos,1996,0.649277563888851,0.0658857570875597,0.005309225606335356,ndvi
Pinus sylvestris,Sanos,1997,0.6645651729483989,0.08676062162084519,0.006577305751045225,ndvi
Pinus sylvestris,Sanos,1998,0.6471501176280625,0.08434200189477478,0.005660664528055081,ndvi
Pinus sylvestris,Sanos,1999,0.6996413572811808,0.08196814708369154,0.008116055943726785,ndvi
Pinus sylvestris,Sanos,2000,0.6917719995782128,0.06260809271000274,0.005045103883955022,ndvi
Pinus sylvestris,Sanos,2001,0.7071603791084595,0.06851907392100211,0.005875462116363418,ndvi
Pinus sylvestris,Sanos,2002,0.692855438327665,0.07243023813056994,0.0068440141962384255,ndvi
Pinus sylvestris,Sanos,2003,0.6718149486589794,0.06901109660695666,0.006299822388299732,ndvi
Pinus sylvestris,Sanos,2004,0.6647032351590595,0.11559582252932532,0.010217323748415327,ndvi
Pinus sylvestris,Sanos,2005,0.6754461061254413,0.07052011227000851,0.006047049739198668,ndvi
Pinus sylvestris,Sanos,2006,0.6746486670868602,0.09738504969859703,0.008115420808216419,ndvi
Pinus sylvestris,Sanos,2007,0.7007715447537196,0.06671357164405897,0.004839911178777751,ndvi
Pinus sylvestris,Sanos,2008,0.7591369347439959,0.08032100143852933,0.008980160961870497,ndvi
Pinus sylvestris,Sanos,2009,0.6659876743707975,0.08339289307591381,0.005094031705174582,ndvi
Pinus sylvestris,Sanos,2010,0.7205970015707085,0.06169471174450808,0.004159456617285671,ndvi
Pinus sylvestris,Sanos,2011,0.6770077279442601,0.08330575682976386,0.004908838797183631,ndvi
Pinus sylvestris,Sanos,2012,0.6274753501539574,0.1635858997261728,0.02111884884379412,ndvi
Pinus sylvestris,Sanos,2013,0.7623020906812898,0.07212234137886013,0.0049533827425500485,ndvi
Pinus sylvestris,Sanos,2014,0.7261865637256447,0.07100693689591722,0.004099587413118858,ndvi
Pinus sylvestris,Sanos,2015,0.7492784757680986,0.08005789448648595,0.005125181512023329,ndvi
Pinus sylvestris,Sanos,2016,0.738567400551671,0.137659207565638,0.009197742693668154,ndvi
Pinus sylvestris,Sanos,2017,0.7339504419036885,0.05881916513024638,0.002933633317973865,ndvi
Pinus sylvestris,Sanos,2018,0.7130237860303211,0.10454290450032767,0.006893354985959661,ndvi
Pinus sylvestris,Sanos,2019,0.7161592712807454,0.08212192854756291,0.004855971433270366,ndvi
Pinus sylvestris,Sanos,2020,0.7647225361704026,0.07725066157484314,0.005822987710238184,ndvi
Pinus sylvestris,Sanos,2021,0.7628754958104035,0.053923704085235204,0.003832190779840034,ndvi
Pinus sylvestris,Sanos,2022,0.7457466228707497,0.06730821483431591,0.0041583153995973345,ndvi
Pinus sylvestris,Sanos,2023,0.7571710730265444,0.09058543880435949,0.005533386362750344,ndvi
Pinus pinaster,Decaimiento,1985,0.2107677488655456,0.030134518119476407,0.003348279791052934,evi
Pinus pinaster,Decaimiento,1986,0.2275299369417286,0.026820165519062106,0.0029800183910069005,evi
Pinus pinaster,Decaimiento,1987,0.20584136659267593,0.029314632982601816,0.0017010075316043038,evi
Pinus pinaster,Decaimiento,1988,0.22704574731948346,0.028673964140255994,0.0014126648194213633,evi
Pinus pinaster,Decaimiento,1989,0.23310360934800733,0.026875147502707804,0.0016355693915012998,evi
Pinus pinaster,Decaimiento,1990,0.22126955554136082,0.03396770991337967,0.0015408066114566293,evi
Pinus pinaster,Decaimiento,1991,0.22039853231417408,0.033559627560922484,0.0020423738929543694,evi
Pinus pinaster,Decaimiento,1992,0.21760898543827475,0.03005246172048773,0.0020400940335486123,evi
Pinus pinaster,Decaimiento,1993,0.20558562155720816,0.02893994786342042,0.001969114040225785,evi
Pinus pinaster,Decaimiento,1994,0.22577172920943978,0.04325742972796381,0.002632563337966704,evi
Pinus pinaster,Decaimiento,1995,0.2152595348377643,0.0282255823064482,0.0015680879059137888,evi
Pinus pinaster,Decaimiento,1996,0.22491732545310247,0.02760732707226963,0.0013191291129416444,evi
Pinus pinaster,Decaimiento,1997,0.21934431829209597,0.019159523154813323,9.218129875813617e-4,evi
Pinus pinaster,Decaimiento,1998,0.24562273105806665,0.038151720890804465,0.0016022216756542262,evi
Pinus pinaster,Decaimiento,1999,0.24194364027045884,0.03245660997899674,0.0013206407305872195,evi
Pinus pinaster,Decaimiento,2000,0.22891440238040137,0.03703671086117191,0.0011916366389594648,evi
Pinus pinaster,Decaimiento,2001,0.2278580252565351,0.0334262335610842,0.001214095475374461,evi
Pinus pinaster,Decaimiento,2002,0.2158087932034057,0.04181737677186873,0.0016427417048234,evi
Pinus pinaster,Decaimiento,2003,0.21518844427474978,0.03869191150853981,0.001897027036540863,evi
Pinus pinaster,Decaimiento,2004,0.2291533405879722,0.05046933574723067,0.0022503164569886228,evi
Pinus pinaster,Decaimiento,2005,0.21421879253127715,0.04600439342259075,0.0019706117031863184,evi
Pinus pinaster,Decaimiento,2006,0.2294065381731838,0.047267283753321364,0.0021619552369276924,evi
Pinus pinaster,Decaimiento,2007,0.22620690222925077,0.03397961095645635,0.0015226627759360055,evi
Pinus pinaster,Decaimiento,2008,0.23001129882534574,0.03329854318639935,0.0017037016815537466,evi
Pinus pinaster,Decaimiento,2009,0.22540512033614316,0.03690321000271718,0.0012918707500877025,evi
Pinus pinaster,Decaimiento,2010,0.2421526841617238,0.03748050815976037,0.001444767415696705,evi
Pinus pinaster,Decaimiento,2011,0.25274249516381314,0.03679632904957382,0.0013684702019669708,evi
Pinus pinaster,Decaimiento,2012,0.22763246097365594,0.0422105924343706,0.0025003397058045856,evi
Pinus pinaster,Decaimiento,2013,0.24999657615313678,0.043366782900601406,0.0015618165365485278,evi
Pinus pinaster,Decaimiento,2014,0.23817831492523928,0.036588964610194605,0.0013202905354415967,evi
Pinus pinaster,Decaimiento,2015,0.2559174199048127,0.04198974961333339,0.0014402365298349768,evi
Pinus pinaster,Decaimiento,2016,0.241742576969963,0.036446113177686285,0.0013211705705270227,evi
Pinus pinaster,Decaimiento,2017,0.2463494665003404,0.03663204034606212,0.0010492023533492498,evi
Pinus pinaster,Decaimiento,2018,0.26043520956930793,0.03892481589580596,0.0015071748905512686,evi
Pinus pinaster,Decaimiento,2019,0.2637793654730521,0.039240555233484783,0.0013908446039554428,evi
Pinus pinaster,Decaimiento,2020,0.2602241489348189,0.029901229153374266,0.0010658637082561896,evi
Pinus pinaster,Decaimiento,2021,0.27371192451247595,0.0431525002125302,0.0017735568336585451,evi
Pinus pinaster,Decaimiento,2022,0.25786525717720954,0.040943542011807346,0.0014539478077228683,evi
Pinus pinaster,Decaimiento,2023,0.2683611644447309,0.05162880790377705,0.0016821574603486738,evi
Pinus pinaster,Sanos,1985,0.22239056912200947,0.03692111980475051,0.009532992141808505,evi
Pinus pinaster,Sanos,1986,0.23559985254511195,0.03251907415531598,0.008396388842508186,evi
Pinus pinaster,Sanos,1987,0.2177137076893032,0.03576428616722843,0.004822455363008288,evi
Pinus pinaster,Sanos,1988,0.23472211049199176,0.026993978035657226,0.0031169960970771084,evi
Pinus pinaster,Sanos,1989,0.23878140087399777,0.024269692412536712,0.0034322528164432817,evi
Pinus pinaster,Sanos,1990,0.22962725767948652,0.03204115291311872,0.003377434068773144,evi
Pinus pinaster,Sanos,1991,0.22950950165790668,0.03810908089016372,0.005389437904444287,evi
Pinus pinaster,Sanos,1992,0.21358553750491327,0.035770218059373596,0.005655768073425432,evi
Pinus pinaster,Sanos,1993,0.20197993317729737,0.02675419060415979,0.004230208963171063,evi
Pinus pinaster,Sanos,1994,0.23273166721063981,0.04207513132749102,0.0059503221361966886,evi
Pinus pinaster,Sanos,1995,0.21312960201585357,0.034174431936327965,0.004411900191849903,evi
Pinus pinaster,Sanos,1996,0.23641284096608484,0.03265483071136579,0.003650921063218086,evi
Pinus pinaster,Sanos,1997,0.2253720871509575,0.022979734978988687,0.00256921247589742,evi
Pinus pinaster,Sanos,1998,0.2559725581094083,0.04193723598783107,0.004092655165978419,evi
Pinus pinaster,Sanos,1999,0.25384432864762047,0.03902667752614214,0.003721047700372825,evi
Pinus pinaster,Sanos,2000,0.24115267618889794,0.040547339107513757,0.003022220218371214,evi
Pinus pinaster,Sanos,2001,0.23283784198478943,0.03289738858171262,0.002760687523441559,evi
Pinus pinaster,Sanos,2002,0.21651645778768083,0.033586700376081045,0.0030660322380244723,evi
Pinus pinaster,Sanos,2003,0.22143755387877845,0.04292356843557361,0.0049236709764952,evi
Pinus pinaster,Sanos,2004,0.23916474057286183,0.05216901483494707,0.005352427987026496,evi
Pinus pinaster,Sanos,2005,0.22070671182181528,0.049764408269625575,0.004927410657585785,evi
Pinus pinaster,Sanos,2006,0.24008513251261443,0.050834743310032494,0.005161486167539339,evi
Pinus pinaster,Sanos,2007,0.23514464175065264,0.03386255348295941,0.0034742246819842097,evi
Pinus pinaster,Sanos,2008,0.23572314769343855,0.033906541485754546,0.004081867921950586,evi
Pinus pinaster,Sanos,2009,0.23081361267205228,0.03666126087422334,0.002954248590257436,evi
Pinus pinaster,Sanos,2010,0.25262592589537586,0.03867489483241977,0.00348719782943493,evi
Pinus pinaster,Sanos,2011,0.26440019570046414,0.03402708309515842,0.0029285850255014335,evi
Pinus pinaster,Sanos,2012,0.23898893981359937,0.045697641170426184,0.006106604165838218,evi
Pinus pinaster,Sanos,2013,0.26351993282804426,0.0437665034368277,0.0037122263705917655,evi
Pinus pinaster,Sanos,2014,0.2555794109749296,0.03356242740228198,0.002816496341518101,evi
Pinus pinaster,Sanos,2015,0.27112688783791644,0.037695011315988874,0.003018016284845583,evi
Pinus pinaster,Sanos,2016,0.25214577496539176,0.032636885501276296,0.002778236192658696,evi
Pinus pinaster,Sanos,2017,0.2539083721673562,0.03342138244302967,0.0022532691446422014,evi
Pinus pinaster,Sanos,2018,0.26970273801102396,0.03278202057009289,0.002980183688190263,evi
Pinus pinaster,Sanos,2019,0.2654526212353021,0.03570460602964871,0.002915268874657964,evi
Pinus pinaster,Sanos,2020,0.2688641583625827,0.028464311382195174,0.0024230430957644226,evi
Pinus pinaster,Sanos,2021,0.2837420585654132,0.044224102193295874,0.004216602698428156,evi
Pinus pinaster,Sanos,2022,0.2636721425217802,0.036470343705000074,0.003082306615369218,evi
Pinus pinaster,Sanos,2023,0.2793784887285082,0.04539056069533905,0.0034509804255204333,evi
Pinus sylvestris,Decaimiento,1985,0.2850906098044877,0.021695746758354003,0.004851316457430025,evi
Pinus sylvestris,Decaimiento,1986,0.26027071190519496,0.06498126740664653,0.020548881024946595,evi
Pinus sylvestris,Decaimiento,1987,0.28444307362948246,0.05059568739118633,0.0042914701934752735,evi
Pinus sylvestris,Decaimiento,1988,0.31261611206531387,0.03903259302503223,0.004114396564716784,evi
Pinus sylvestris,Decaimiento,1989,0.31558280565877456,0.037029903453031976,0.0041400690660616845,evi
Pinus sylvestris,Decaimiento,1990,0.2892577468706693,0.024373250356651388,0.002437325035665139,evi
Pinus sylvestris,Decaimiento,1991,0.30383656098667355,0.02907758508943397,0.0045975698869981105,evi
Pinus sylvestris,Decaimiento,1992,0.2679757124483323,0.03916826483817762,0.005056601247270115,evi
Pinus sylvestris,Decaimiento,1993,0.26929469769778186,0.06806661739199603,0.00648989732597616,evi
Pinus sylvestris,Decaimiento,1994,0.3124923837594371,0.05556419943028287,0.00717330730129444,evi
Pinus sylvestris,Decaimiento,1995,0.2502978451585132,0.040053563457929466,0.004222016297771563,evi
Pinus sylvestris,Decaimiento,1996,0.2872586236214598,0.039092944667894154,0.0026976694728590082,evi
Pinus sylvestris,Decaimiento,1997,0.2757945798405547,0.03397612800633299,0.002290670082890321,evi
Pinus sylvestris,Decaimiento,1998,0.2936411443558403,0.03853096962453765,0.0023026658620320948,evi
Pinus sylvestris,Decaimiento,1999,0.3134393872274203,0.04434264633794182,0.0035848904817792604,evi
Pinus sylvestris,Decaimiento,2000,0.3131469445253156,0.05223917516296542,0.0034748982424185663,evi
Pinus sylvestris,Decaimiento,2001,0.3323636198717512,0.03489490815496783,0.0026763172843904917,evi
Pinus sylvestris,Decaimiento,2002,0.31675980490903516,0.025926953073096896,0.002191227470187443,evi
Pinus sylvestris,Decaimiento,2003,0.3108850951723637,0.04634678260957478,0.00378419895377184,evi
Pinus sylvestris,Decaimiento,2004,0.3047257118039582,0.06584330621921172,0.004776775489075893,evi
Pinus sylvestris,Decaimiento,2005,0.3079510143854497,0.04464092854335887,0.0037863941401111625,evi
Pinus sylvestris,Decaimiento,2006,0.3089909897031181,0.054648510895273984,0.004403702502920297,evi
Pinus sylvestris,Decaimiento,2007,0.28579002690723687,0.052598347070811693,0.003629630779190295,evi
Pinus sylvestris,Decaimiento,2008,0.3144558111892424,0.04889698322035888,0.004520527697859134,evi
Pinus sylvestris,Decaimiento,2009,0.3114197224159593,0.036240068260795996,0.0020751002721552674,evi
Pinus sylvestris,Decaimiento,2010,0.3136887491079724,0.03880925751391347,0.0028926712652468335,evi
Pinus sylvestris,Decaimiento,2011,0.3094161391845531,0.037533954218090144,0.002035564468068694,evi
Pinus sylvestris,Decaimiento,2012,0.2953568446549813,0.03278846543105316,0.003535671156515536,evi
Pinus sylvestris,Decaimiento,2013,0.34275183852168273,0.035090159995281964,0.0020641270585459977,evi
Pinus sylvestris,Decaimiento,2014,0.3009604300057512,0.029640903917289695,0.0016647990235313052,evi
Pinus sylvestris,Decaimiento,2015,0.3209354553961155,0.03533768400518907,0.0017581154900525905,evi
Pinus sylvestris,Decaimiento,2016,0.3356717141507585,0.03705356664118882,0.001986279662823305,evi
Pinus sylvestris,Decaimiento,2017,0.29298317282460995,0.034478092127584396,0.0015047473046887292,evi
Pinus sylvestris,Decaimiento,2018,0.3130061879362371,0.04728959120584527,0.002502830574833065,evi
Pinus sylvestris,Decaimiento,2019,0.3239560523118102,0.040825638881967205,0.0020620061499794424,evi
Pinus sylvestris,Decaimiento,2020,0.3613968490271762,0.03767157794774075,0.0026505629750146202,evi
Pinus sylvestris,Decaimiento,2021,0.3382326582879856,0.05098598665381113,0.003020149197582508,evi
Pinus sylvestris,Decaimiento,2022,0.31674025717748916,0.03772143453915657,0.0021119948700985265,evi
Pinus sylvestris,Decaimiento,2023,0.3472281499816856,0.05088862750713089,0.002678348816164784,evi
Pinus sylvestris,Sanos,1985,0.2509967749855566,0.01784864608414097,0.004462161521035243,evi
Pinus sylvestris,Sanos,1986,0.127843173835694,0.03105370062014919,0.010979141144722194,evi
Pinus sylvestris,Sanos,1987,0.2752280216512514,0.0838375086496751,0.007653282442076922,evi
Pinus sylvestris,Sanos,1988,0.2638612990870146,0.11894025671136191,0.014017243679445464,evi
Pinus sylvestris,Sanos,1989,0.2729548934703919,0.10642674514797529,0.013303343143496911,evi
Pinus sylvestris,Sanos,1990,0.2522116069858596,0.09459831677254074,0.01020079883796041,evi
Pinus sylvestris,Sanos,1991,0.23336499272402325,0.11677769169670281,0.020643574422512634,evi
Pinus sylvestris,Sanos,1992,0.20467901718197284,0.08036136673840773,0.011599164179716485,evi
Pinus sylvestris,Sanos,1993,0.2522417102312297,0.08883858558141353,0.009932455819248665,evi
Pinus sylvestris,Sanos,1994,0.26642952304541345,0.08968000212992856,0.012944193342660117,evi
Pinus sylvestris,Sanos,1995,0.22278978855489837,0.040481824369579374,0.004770828754422069,evi
Pinus sylvestris,Sanos,1996,0.28103450425308163,0.07445702990909811,0.005999918453387583,evi
Pinus sylvestris,Sanos,1997,0.2891670447947744,0.07235535257899435,0.005485245123259738,evi
Pinus sylvestris,Sanos,1998,0.2736833533323066,0.09069471531025311,0.006087030735638845,evi
Pinus sylvestris,Sanos,1999,0.2956629444597942,0.07917056471544512,0.007839054012907378,evi
Pinus sylvestris,Sanos,2000,0.30477935365591946,0.08793243711988198,0.007085797711391867,evi
Pinus sylvestris,Sanos,2001,0.3280561831556209,0.09097347568216525,0.007800911182493887,evi
Pinus sylvestris,Sanos,2002,0.3145723252385692,0.09468453608704523,0.008946847696065801,evi
Pinus sylvestris,Sanos,2003,0.33002085173012896,0.06006641553610591,0.005483288456267329,evi
Pinus sylvestris,Sanos,2004,0.2836476421931057,0.09963903634413773,0.008806929783729081,evi
Pinus sylvestris,Sanos,2005,0.28722893213677825,0.07267304883762399,0.0062316625268224795,evi
Pinus sylvestris,Sanos,2006,0.28484749343073346,0.08763849833391281,0.007303208194492734,evi
Pinus sylvestris,Sanos,2007,0.28237027045192675,0.06246991341210381,0.00453204385269102,evi
Pinus sylvestris,Sanos,2008,0.3620350864435289,0.08565073077842567,0.009576042817154663,evi
Pinus sylvestris,Sanos,2009,0.31160026489867154,0.07541678787971301,0.004606813535200936,evi
Pinus sylvestris,Sanos,2010,0.3227065975449108,0.06950684050578147,0.004686150230925237,evi
Pinus sylvestris,Sanos,2011,0.29824368475418117,0.07681484792482607,0.004526358321954826,evi
Pinus sylvestris,Sanos,2012,0.2941781862453909,0.06897597962371976,0.008904760679033626,evi
Pinus sylvestris,Sanos,2013,0.3439428031583636,0.07271409058735671,0.004994024245047689,evi
Pinus sylvestris,Sanos,2014,0.3162570755598684,0.06733315013548118,0.003887481235610554,evi
Pinus sylvestris,Sanos,2015,0.3220696180041631,0.10751077745402861,0.00688267225218688,evi
Pinus sylvestris,Sanos,2016,0.352452836000731,0.08910087812632615,0.005953302835882374,evi
Pinus sylvestris,Sanos,2017,0.2777357801562444,0.07480633399031174,0.0037310008277660857,evi
Pinus sylvestris,Sanos,2018,0.3267966429819818,0.06893975314136254,0.004545752706214033,evi
Pinus sylvestris,Sanos,2019,0.29825097223791375,0.08897484202999938,0.005261192702350906,evi
Pinus sylvestris,Sanos,2020,0.3474076341799069,0.10093597478569008,0.007608335368475166,evi
Pinus sylvestris,Sanos,2021,0.3074713025898689,0.0815549353422415,0.00568220159313579,evi
Pinus sylvestris,Sanos,2022,0.2902249546139777,0.08987900315709195,0.0055527433590178265,evi
Pinus sylvestris,Sanos,2023,0.33131327399221044,0.08283086848071641,0.00505970058891966,evi
