sp,status,date2,iv,mean,sd,se
Pinus pinaster,Decaimiento,2017-06-01,evi,0.2325937815905235,0.02732239395469421,0.0037181068744613654
Pinus pinaster,Decaimiento,2017-06-01,nbr,0.06221849116949648,0.07028003973200542,0.009563902024774527
Pinus pinaster,Decaimiento,2017-06-01,ndvi,0.4502360158802456,0.09068275830585701,0.012340360350971266
Pinus pinaster,Decaimiento,2017-07-01,evi,0.24207162050726222,0.033954994403111505,0.0032673208598281104
Pinus pinaster,Decaimiento,2017-07-01,nbr,0.06218577826501883,0.08496250200917053,0.008175520567669788
Pinus pinaster,Decaimiento,2017-07-01,ndvi,0.4850307246275971,0.09536578058545528,0.009176576515415232
Pinus pinaster,Decaimiento,2017-08-01,evi,0.18168413931298447,0.08451257956475292,0.00939028661830588
Pinus pinaster,Decaimiento,2017-08-01,nbr,0.07137284085731582,0.1435017020017635,0.0159446335557515
Pinus pinaster,Decaimiento,2017-08-01,ndvi,0.4729846065458231,0.12898479404183313,0.014331643782425903
Pinus pinaster,Decaimiento,2017-09-01,evi,0.27263304300673075,0.04143224658292175,0.004603582953657972
Pinus pinaster,Decaimiento,2017-09-01,nbr,0.12562906419452666,0.09723241884831477,0.010803602094257196
Pinus pinaster,Decaimiento,2017-09-01,ndvi,0.5336439692862719,0.09292996942742693,0.010325552158602992
Pinus pinaster,Decaimiento,2017-10-01,evi,0.26798883321139944,0.049116644692743364,0.004227287709257377
Pinus pinaster,Decaimiento,2017-10-01,nbr,0.18033584097609684,0.11629459945560504,0.01000904548767601
Pinus pinaster,Decaimiento,2017-10-01,ndvi,0.5664288928745799,0.10941844221026306,0.009417240098851278
Pinus pinaster,Decaimiento,2017-11-01,evi,0.28633960896731997,0.06784925967516457,0.007538806630573842
Pinus pinaster,Decaimiento,2017-11-01,nbr,0.2490485303155974,0.1434396605131354,0.015937740057015044
Pinus pinaster,Decaimiento,2017-11-01,ndvi,0.5922226010595815,0.12152340385909663,0.013502600428788515
Pinus pinaster,Decaimiento,2017-12-01,evi,0.30791271039787216,0.06175953707452959,0.006862170786058843
Pinus pinaster,Decaimiento,2017-12-01,nbr,0.2905251905579861,0.14295656238126278,0.015884062486806974
Pinus pinaster,Decaimiento,2017-12-01,ndvi,0.657232946044409,0.10700653900613746,0.011889615445126385
Pinus pinaster,Decaimiento,2018-01-01,evi,0.3011307347601592,0.058526045695572695,0.005631671372823872
Pinus pinaster,Decaimiento,2018-01-01,nbr,0.290345046448095,0.13793198311911178,0.01327251126394635
Pinus pinaster,Decaimiento,2018-01-01,ndvi,0.6588095058102305,0.10903060485459554,0.01049147484378474
Pinus pinaster,Decaimiento,2018-02-01,evi,0.2856233195274747,0.06172391978243538,0.0053123491862225505
Pinus pinaster,Decaimiento,2018-02-01,nbr,0.227262592708333,0.16024519331430875,0.013791710333691243
Pinus pinaster,Decaimiento,2018-02-01,ndvi,0.5881833269767816,0.11186056520970644,0.009627424581212041
Pinus pinaster,Decaimiento,2018-04-01,evi,0.27165569367619385,0.042853024765907854,0.0047614471962119835
Pinus pinaster,Decaimiento,2018-04-01,nbr,0.15872432879070283,0.11174235191004835,0.01241581687889426
Pinus pinaster,Decaimiento,2018-04-01,ndvi,0.5466420676237015,0.09267595402502982,0.010297328225003313
Pinus pinaster,Decaimiento,2018-05-01,evi,0.28688489307536175,0.0331790433570285,0.004515095909911092
Pinus pinaster,Decaimiento,2018-05-01,nbr,0.14680923686471195,0.08741773518127133,0.011896046981325572
Pinus pinaster,Decaimiento,2018-05-01,ndvi,0.5337445264944579,0.07825156815790897,0.010648689642194264
Pinus pinaster,Decaimiento,2018-06-01,evi,0.30533048517288475,0.037754663231933015,0.0027462476523476055
Pinus pinaster,Decaimiento,2018-06-01,nbr,0.1649075173539467,0.07796496600491798,0.005671116797971356
Pinus pinaster,Decaimiento,2018-06-01,ndvi,0.5253096718245303,0.07386305378185046,0.005372746587554348
Pinus pinaster,Decaimiento,2018-07-01,evi,0.27779173463636814,0.04006250439681148,0.0025700108553232967
Pinus pinaster,Decaimiento,2018-07-01,nbr,0.12517007818743445,0.08297144478584949,0.005322620664684708
Pinus pinaster,Decaimiento,2018-07-01,ndvi,0.4675020267953604,0.07537920444444587,0.004835578219700073
Pinus pinaster,Decaimiento,2018-08-01,evi,0.2440652939771545,0.05424257662874802,0.003690739863173578
Pinus pinaster,Decaimiento,2018-08-01,nbr,0.13212146796690535,0.09436534471825314,0.006420748443376661
Pinus pinaster,Decaimiento,2018-08-01,ndvi,0.42626119638087306,0.1180325882944458,0.008031100398372078
Pinus pinaster,Decaimiento,2018-09-01,evi,0.250048260195575,0.047359699244202316,0.0033828356603001655
Pinus pinaster,Decaimiento,2018-09-01,nbr,0.1587864686878266,0.10305415925000741,0.0073610113750005295
Pinus pinaster,Decaimiento,2018-09-01,ndvi,0.4897467571255794,0.0962321554509214,0.006873725389351528
Pinus pinaster,Decaimiento,2018-10-01,evi,0.22907367536645837,0.08939400689076253,0.007023456496655016
Pinus pinaster,Decaimiento,2018-10-01,nbr,0.20824119516640485,0.11157024238607507,0.008765786107757828
Pinus pinaster,Decaimiento,2018-10-01,ndvi,0.545779660246171,0.10826077931810223,0.008505770132485602
Pinus pinaster,Decaimiento,2018-11-01,evi,0.3833542553458742,0.05856907828661799,0.011271624371655721
Pinus pinaster,Decaimiento,2018-11-01,nbr,0.45786053162449575,0.10019268389744229,0.019282091006339794
Pinus pinaster,Decaimiento,2018-11-01,ndvi,0.6646769728639672,0.057848349789468366,0.011132920107708397
Pinus pinaster,Decaimiento,2018-12-01,evi,0.33938512540740856,0.04414191390749542,0.008495115292345921
Pinus pinaster,Decaimiento,2018-12-01,nbr,0.4358267576165789,0.07873091434831603,0.015151771530848542
Pinus pinaster,Decaimiento,2018-12-01,ndvi,0.6988499388402561,0.07740872104294083,0.014897315310588846
Pinus pinaster,Decaimiento,2019-01-01,evi,0.34761786840837194,0.09458290665379951,0.006879894114126645
Pinus pinaster,Decaimiento,2019-01-01,nbr,0.34073901525186545,0.13347001308116152,0.00970851488811379
Pinus pinaster,Decaimiento,2019-01-01,ndvi,0.611337707278385,0.21960526221934884,0.015973932335409398
Pinus pinaster,Decaimiento,2019-02-01,evi,0.30162524315358724,0.050284186584200995,0.0034214055350609953
Pinus pinaster,Decaimiento,2019-02-01,nbr,0.3152650629558917,0.10927334451970355,0.007435109348906285
Pinus pinaster,Decaimiento,2019-02-01,ndvi,0.627479696242911,0.09934609163768872,0.006759645345892116
Pinus pinaster,Decaimiento,2019-03-01,evi,0.2934941236983065,0.04278106215450852,0.0029108825814677286
Pinus pinaster,Decaimiento,2019-03-01,nbr,0.23549166967521584,0.09713469584165245,0.0066091789203469855
Pinus pinaster,Decaimiento,2019-03-01,ndvi,0.5763795720681119,0.09934475926163185,0.006759554689184204
Pinus pinaster,Decaimiento,2019-04-01,evi,0.28426161590661847,0.04112102105375399,0.0035391339937829724
Pinus pinaster,Decaimiento,2019-04-01,nbr,0.1897511298734436,0.08767377719031685,0.007545757310159931
Pinus pinaster,Decaimiento,2019-04-01,ndvi,0.5481879739563356,0.08951969413000442,0.007704628544957533
Pinus pinaster,Decaimiento,2019-05-01,evi,0.2867357413654848,0.03967958321715107,0.003415074777432832
Pinus pinaster,Decaimiento,2019-05-01,nbr,0.16302836262255616,0.0841858101504792,0.007245560904439672
Pinus pinaster,Decaimiento,2019-05-01,ndvi,0.5144771736278755,0.0895981828732273,0.007711383780410132
Pinus pinaster,Decaimiento,2019-06-01,evi,0.2531377348014069,0.03358376546407394,0.0026385898108250293
Pinus pinaster,Decaimiento,2019-06-01,nbr,0.11651806338292649,0.06961935173258235,0.0054698128568800445
Pinus pinaster,Decaimiento,2019-06-01,ndvi,0.4392286910843056,0.07713181292667326,0.006060047551740319
Pinus pinaster,Decaimiento,2019-07-01,evi,0.22955348191585384,0.03038396422838647,0.0017630564238397632
Pinus pinaster,Decaimiento,2019-07-01,nbr,0.11465544105788791,0.0729239763005526,0.004231478285789686
Pinus pinaster,Decaimiento,2019-07-01,ndvi,0.4050628364267311,0.06701750468501559,0.003888750041189171
Pinus pinaster,Decaimiento,2019-08-01,evi,0.21687344039123363,0.08416654692209244,0.0053992865024701485
Pinus pinaster,Decaimiento,2019-08-01,nbr,0.12432846500463095,0.09189050722203229,0.005894778786734622
Pinus pinaster,Decaimiento,2019-08-01,ndvi,0.40340595738749024,0.1522852310555614,0.009769102127059193
Pinus pinaster,Decaimiento,2019-09-01,evi,0.2400309380725666,0.03238913015284234,0.002077763668062372
Pinus pinaster,Decaimiento,2019-09-01,nbr,0.14295079426616666,0.08063723362026226,0.005172880948596128
Pinus pinaster,Decaimiento,2019-09-01,ndvi,0.4639558253681828,0.09019650139719658,0.005786108262403767
Pinus pinaster,Decaimiento,2019-10-01,evi,0.2553630879665232,0.06030429288256528,0.005190167156421996
Pinus pinaster,Decaimiento,2019-10-01,nbr,0.2510041077574536,0.1000981141916113,0.008615073983352864
Pinus pinaster,Decaimiento,2019-10-01,ndvi,0.5416356504299662,0.10118418458795707,0.00870854804019411
Pinus pinaster,Decaimiento,2019-11-01,evi,0.2797753723963396,0.04265364478481332,0.004739293864979258
Pinus pinaster,Decaimiento,2019-11-01,nbr,0.32771982465339883,0.09916460259319514,0.011018289177021683
Pinus pinaster,Decaimiento,2019-11-01,ndvi,0.616097605489569,0.08525055325761798,0.009472283695290885
Pinus pinaster,Decaimiento,2019-12-01,evi,0.29928586670395535,0.04248573032485068,0.005781575591409664
Pinus pinaster,Decaimiento,2019-12-01,nbr,0.3424290860381966,0.08633637357189068,0.01174889230519127
Pinus pinaster,Decaimiento,2019-12-01,ndvi,0.6616410351950793,0.07721794552958151,0.010508031418527781
Pinus pinaster,Decaimiento,2020-01-01,evi,0.29294186685346635,0.04281891532046634,0.0036852654653073726
Pinus pinaster,Decaimiento,2020-01-01,nbr,0.31327730326269676,0.0901083219357348,0.007755289560262163
Pinus pinaster,Decaimiento,2020-01-01,ndvi,0.6353244650556964,0.08606571115160366,0.007407357021547977
Pinus pinaster,Decaimiento,2020-02-01,evi,0.27084998266275145,0.03382787816194681,0.0032550890938189752
Pinus pinaster,Decaimiento,2020-02-01,nbr,0.23244591805682926,0.08599572366092587,0.00827494236746537
Pinus pinaster,Decaimiento,2020-02-01,ndvi,0.5983972352561776,0.09079949881025087,0.008737185846730241
Pinus pinaster,Decaimiento,2020-03-01,evi,0.2867357804836315,0.03541803690439043,0.006816204380305972
Pinus pinaster,Decaimiento,2020-03-01,nbr,0.19417695306738386,0.09160601372714595,0.017629585561585424
Pinus pinaster,Decaimiento,2020-03-01,ndvi,0.5555365551345024,0.07665511014525091,0.014752282825707008
Pinus pinaster,Decaimiento,2020-04-01,evi,0.2954850316653965,0.03368391616777994,0.006482472688942844
Pinus pinaster,Decaimiento,2020-04-01,nbr,0.22380100728852548,0.08725042182042733,0.016791351508310706
Pinus pinaster,Decaimiento,2020-04-01,ndvi,0.5730432215756047,0.07668627381758229,0.014758280277243496
Pinus pinaster,Decaimiento,2020-05-01,evi,0.31123610841821203,0.039763828244999876,0.003124141399775176
Pinus pinaster,Decaimiento,2020-05-01,nbr,0.20631220333995692,0.08466536869604782,0.006651939592959406
Pinus pinaster,Decaimiento,2020-05-01,ndvi,0.5439018267655232,0.07526099761394668,0.005913062419076252
Pinus pinaster,Decaimiento,2020-06-01,evi,0.25855578762440057,0.060952249567870584,0.003910088632858148
Pinus pinaster,Decaimiento,2020-06-01,nbr,0.15348037215704485,0.08288385078295202,0.005317001506778902
Pinus pinaster,Decaimiento,2020-06-01,ndvi,0.5118602149330879,0.08584836688844999,0.005507175303615151
Pinus pinaster,Decaimiento,2020-07-01,evi,0.23823064286145396,0.034111129744916806,0.0019793285026652664
Pinus pinaster,Decaimiento,2020-07-01,nbr,0.105997085977516,0.06080778895463861,0.0035284257883574214
Pinus pinaster,Decaimiento,2020-07-01,ndvi,0.4424881203213333,0.07260653153388119,0.004213058272163832
Pinus pinaster,Decaimiento,2020-08-01,evi,0.24596902915770053,0.050279407975823635,0.00305990732515153
Pinus pinaster,Decaimiento,2020-08-01,nbr,0.1225117654474553,0.06942803461134524,0.0042252556310981345
Pinus pinaster,Decaimiento,2020-08-01,ndvi,0.4472098864786074,0.09456494783618512,0.005755039453241993
Pinus pinaster,Decaimiento,2020-09-01,evi,0.24516121399576102,0.03799796986231645,0.002985402462329558
Pinus pinaster,Decaimiento,2020-09-01,nbr,0.1610856552105973,0.09009869354743419,0.007078821909271039
Pinus pinaster,Decaimiento,2020-09-01,ndvi,0.49847915357987654,0.1004034512393505,0.007888440136208624
Pinus pinaster,Decaimiento,2020-10-01,evi,0.29393427189779014,0.04161578292787137,0.004004480579323928
Pinus pinaster,Decaimiento,2020-10-01,nbr,0.266415656047506,0.09888041806389272,0.009514772664461865
Pinus pinaster,Decaimiento,2020-10-01,ndvi,0.5807485205076622,0.09513078294758784,0.009153963857168284
Pinus pinaster,Decaimiento,2020-11-01,evi,0.28784723458662537,0.041363191347895845,0.005628817385302709
Pinus pinaster,Decaimiento,2020-11-01,nbr,0.352650798904082,0.0849639639941504,0.011562131017215038
Pinus pinaster,Decaimiento,2020-11-01,ndvi,0.6630887890119892,0.08188328493279834,0.01114290369712677
Pinus pinaster,Decaimiento,2020-12-01,evi,0.29110888987258715,0.04543710337714224,0.008744374621996643
Pinus pinaster,Decaimiento,2020-12-01,nbr,0.39722657463536787,0.0682062821381955,0.013126305117636912
Pinus pinaster,Decaimiento,2020-12-01,ndvi,0.6330539489344339,0.07396130358348947,0.014233859511181092
Pinus pinaster,Decaimiento,2021-01-01,evi,0.314864269814353,0.05501277894226961,0.004001590852267034
Pinus pinaster,Decaimiento,2021-01-01,nbr,0.4741586288516587,0.160237737104757,0.011655580309063222
Pinus pinaster,Decaimiento,2021-01-01,ndvi,0.6183425663270887,0.16662000020745912,0.012119821638797447
Pinus pinaster,Decaimiento,2021-02-01,evi,0.2765279670572693,0.045195921595351754,0.008697959166449852
Pinus pinaster,Decaimiento,2021-02-01,nbr,0.3865456707726304,0.08108943980290612,0.015605669966214599
Pinus pinaster,Decaimiento,2021-02-01,ndvi,0.6761485162207325,0.07478677321649112,0.014392721216121547
Pinus pinaster,Decaimiento,2021-03-01,evi,0.2468157419921991,0.08341865422635807,0.008026963745504023
Pinus pinaster,Decaimiento,2021-03-01,nbr,0.263267005275661,0.12272941702952778,0.01180964365991395
Pinus pinaster,Decaimiento,2021-03-01,ndvi,0.5634595035226123,0.11961040738971368,0.011509516817388666
Pinus pinaster,Decaimiento,2021-04-01,evi,0.27581114005592927,0.03290572382868604,0.0036561915365206712
Pinus pinaster,Decaimiento,2021-04-01,nbr,0.20877433308138088,0.07259238993213166,0.008065821103570184
Pinus pinaster,Decaimiento,2021-04-01,ndvi,0.5520288127745129,0.07915524485750623,0.008795027206389581
Pinus pinaster,Decaimiento,2021-05-01,evi,0.27948677694633334,0.039619000921789334,0.0038123401412031837
Pinus pinaster,Decaimiento,2021-05-01,nbr,0.20486977736876738,0.07170173979177084,0.006899503128357232
Pinus pinaster,Decaimiento,2021-05-01,ndvi,0.5263370140135638,0.10663164953340963,0.010260635260374646
Pinus pinaster,Decaimiento,2021-06-01,evi,0.2700971697326849,0.03548533455845158,0.003054091328432922
Pinus pinaster,Decaimiento,2021-06-01,nbr,0.13906241592547391,0.06598668116609055,0.005679229271728163
Pinus pinaster,Decaimiento,2021-06-01,ndvi,0.5257675189636611,0.08131983647395055,0.006998897163998243
Pinus pinaster,Decaimiento,2021-07-01,evi,0.26377955500393213,0.03811902400645952,0.0022118901154544826
Pinus pinaster,Decaimiento,2021-07-01,nbr,0.11566974433321547,0.06503245581288257,0.0037735658229830315
Pinus pinaster,Decaimiento,2021-07-01,ndvi,0.49838468561069355,0.07754131702464001,0.0044994035691223264
Pinus pinaster,Decaimiento,2021-08-01,evi,0.2388099090838134,0.039117389158963935,0.0023335477965772252
Pinus pinaster,Decaimiento,2021-08-01,nbr,0.11506912256458278,0.07557106382710715,0.004508191708861317
Pinus pinaster,Decaimiento,2021-08-01,ndvi,0.46980256005263415,0.08736325870163354,0.005211655077912738
Pinus pinaster,Decaimiento,2021-09-01,evi,0.16727345324820117,0.13847373029192844,0.014132915916458459
Pinus pinaster,Decaimiento,2021-09-01,nbr,0.21886873397086373,0.10348467927640445,0.010561860850948318
Pinus pinaster,Decaimiento,2021-09-01,ndvi,0.5930087089544651,0.13955612803156336,0.014243387673160435
Pinus pinaster,Decaimiento,2021-10-01,evi,0.2793472546876697,0.030410536831013028,0.002617322282127572
Pinus pinaster,Decaimiento,2021-10-01,nbr,0.2563433688167127,0.0762294235341881,0.006560784174197828
Pinus pinaster,Decaimiento,2021-10-01,ndvi,0.6433246030987542,0.09003430309432531,0.0077489190327047295
Pinus pinaster,Decaimiento,2021-11-01,evi,0.2942941559574469,0.039595063748598794,0.0034078004997854256
Pinus pinaster,Decaimiento,2021-11-01,nbr,0.31495792858473415,0.08653241614129677,0.007447524591607383
Pinus pinaster,Decaimiento,2021-11-01,ndvi,0.6712368047033621,0.08579666591924257,0.007384201294785509
Pinus pinaster,Decaimiento,2021-12-01,evi,0.29521166377386765,0.042686737982268935,0.00474297088691877
Pinus pinaster,Decaimiento,2021-12-01,nbr,0.3886557098973975,0.0723197093046253,0.008035523256069477
Pinus pinaster,Decaimiento,2021-12-01,ndvi,0.7005801461587572,0.0828703479016888,0.009207816433520978
Pinus pinaster,Decaimiento,2022-01-01,evi,0.2930268449028576,0.04344098152524256,0.0031598664460730512
Pinus pinaster,Decaimiento,2022-01-01,nbr,0.3592114536153025,0.10013104798250541,0.007283462012620417
Pinus pinaster,Decaimiento,2022-01-01,ndvi,0.6969297185092193,0.09644672395091695,0.007015466873580751
Pinus pinaster,Decaimiento,2022-02-01,evi,0.28993048218499995,0.03548813412479667,0.002414661681366753
Pinus pinaster,Decaimiento,2022-02-01,nbr,0.2753416047787197,0.08225969508687615,0.005597063315549303
Pinus pinaster,Decaimiento,2022-02-01,ndvi,0.6172488217932874,0.09582730269171319,0.0065202220839425075
Pinus pinaster,Decaimiento,2022-03-01,evi,0.2782965973792107,0.03532226593448963,0.0067977732485550455
Pinus pinaster,Decaimiento,2022-03-01,nbr,0.3050871385683019,0.07356448478351446,0.014157491697519401
Pinus pinaster,Decaimiento,2022-03-01,ndvi,0.619302481224377,0.07596628012272023,0.014619717426062348
Pinus pinaster,Decaimiento,2022-04-01,evi,0.28718086029310225,0.027759447270834715,0.002389152821774795
Pinus pinaster,Decaimiento,2022-04-01,nbr,0.2040590752833314,0.07143634576919392,0.006148261721733394
Pinus pinaster,Decaimiento,2022-04-01,ndvi,0.6004569742424464,0.0715735498754465,0.006160070371034449
Pinus pinaster,Decaimiento,2022-05-01,evi,0.2995270079216833,0.029764819584744105,0.0018114292340706555
Pinus pinaster,Decaimiento,2022-05-01,nbr,0.1957253075341688,0.0674167925991738,0.004102855340134981
Pinus pinaster,Decaimiento,2022-05-01,ndvi,0.5625792965776888,0.07632471617854494,0.004644974305129841
Pinus pinaster,Decaimiento,2022-06-01,evi,0.250337663048339,0.0577057867420138,0.004966523356258138
Pinus pinaster,Decaimiento,2022-06-01,nbr,0.12162482597600713,0.10118159948791827,0.008708325550207474
Pinus pinaster,Decaimiento,2022-06-01,ndvi,0.44382390590957654,0.13819255156883636,0.011893721128800286
Pinus pinaster,Decaimiento,2022-07-01,evi,0.24247633485243447,0.02690882915767712,0.001637619191745833
Pinus pinaster,Decaimiento,2022-07-01,nbr,0.10030077546675063,0.06593518680552143,0.004012687682966787
Pinus pinaster,Decaimiento,2022-07-01,ndvi,0.45749487035326725,0.07037703463177679,0.004283009933127381
Pinus pinaster,Decaimiento,2022-08-01,evi,0.1900876970803934,0.3419184829421699,0.01825025847512195
Pinus pinaster,Decaimiento,2022-08-01,nbr,0.12232544900995286,0.08195029554094412,0.004374183176250882
Pinus pinaster,Decaimiento,2022-08-01,ndvi,0.39142605078113996,0.13880777150999865,0.007409010728564819
Pinus pinaster,Decaimiento,2022-09-01,evi,0.2596127869399683,0.03810385327485746,0.00366654499090016
Pinus pinaster,Decaimiento,2022-09-01,nbr,0.198590456690242,0.09427763092732626,0.009071869265742
Pinus pinaster,Decaimiento,2022-09-01,ndvi,0.5238834876265523,0.09307048022280065,0.008955711135040283
Pinus pinaster,Decaimiento,2022-10-01,evi,0.30937608648133674,0.08819033589182242,0.00848611902784453
Pinus pinaster,Decaimiento,2022-10-01,nbr,0.18504671428374866,0.11093505527152947,0.010674730670597259
Pinus pinaster,Decaimiento,2022-10-01,ndvi,0.4779008961650442,0.18835169208224692,0.018124150021001127
Pinus pinaster,Decaimiento,2022-11-01,evi,0.30163230874013686,0.03849033450498431,0.007407468329217144
Pinus pinaster,Decaimiento,2022-11-01,nbr,0.4027940652812003,0.059162157709191476,0.01138576255974693
Pinus pinaster,Decaimiento,2022-11-01,ndvi,0.7096352905815917,0.07356236237912346,0.01415708324060391
Pinus pinaster,Decaimiento,2022-12-01,evi,0.29558383123654525,0.047245219996636306,0.009092346827660353
Pinus pinaster,Decaimiento,2022-12-01,nbr,0.432239540147915,0.09431242264077058,0.018150434199858217
Pinus pinaster,Decaimiento,2022-12-01,ndvi,0.7221319164700002,0.08597925366731934,0.016546715083183314
Pinus pinaster,Decaimiento,2023-01-01,evi,0.3067740019576601,0.045040840603760235,0.0043340569078513325
Pinus pinaster,Decaimiento,2023-01-01,nbr,0.3766179840475762,0.08422202683860494,0.00810426831116074
Pinus pinaster,Decaimiento,2023-01-01,ndvi,0.7007520360038274,0.09210564798610262,0.008862870109776875
Pinus pinaster,Decaimiento,2023-02-01,evi,0.3335929775738748,0.08837594795347921,0.007606190547313743
Pinus pinaster,Decaimiento,2023-02-01,nbr,0.29154174049032233,0.10379925497530611,0.00893361746373551
Pinus pinaster,Decaimiento,2023-02-01,ndvi,0.5598636411166193,0.21203185874012326,0.018248796839242243
Pinus pinaster,Decaimiento,2023-03-01,evi,0.30018693463087043,0.03566836646810926,0.0030698442070535605
Pinus pinaster,Decaimiento,2023-03-01,nbr,0.26721579447152155,0.08247392126655799,0.007098224968040018
Pinus pinaster,Decaimiento,2023-03-01,ndvi,0.6342669834621417,0.08568127931804619,0.007374270397345308
Pinus pinaster,Decaimiento,2023-04-01,evi,0.35623827600812885,0.35992135952990556,0.026180426575828693
Pinus pinaster,Decaimiento,2023-04-01,nbr,0.20442263201788471,0.0781636449065875,0.005685568561556932
Pinus pinaster,Decaimiento,2023-04-01,ndvi,0.5197309964092355,0.15327798141290866,0.011149332574518861
Pinus pinaster,Decaimiento,2023-05-01,evi,0.2756487375116644,0.0316350021345032,0.003044079499694968
Pinus pinaster,Decaimiento,2023-05-01,nbr,0.16375865113975135,0.062112225331512574,0.005976751669185913
Pinus pinaster,Decaimiento,2023-05-01,ndvi,0.4977920595380043,0.08586740412941367,0.008262594814788561
Pinus pinaster,Decaimiento,2023-06-01,evi,0.2792123016090685,0.042969058672727545,0.0036981877475929592
Pinus pinaster,Decaimiento,2023-06-01,nbr,0.11173806422742198,0.06133874919157351,0.00527919897991462
Pinus pinaster,Decaimiento,2023-06-01,ndvi,0.4912120828850861,0.08619102187005705,0.007418142051007338
Pinus pinaster,Decaimiento,2023-07-01,evi,0.2382237378145107,0.07604403894702397,0.00487822737292563
Pinus pinaster,Decaimiento,2023-07-01,nbr,0.09294662918095506,0.1200176289305199,0.007699134485615142
Pinus pinaster,Decaimiento,2023-07-01,ndvi,0.4898954989503494,0.13161066209303018,0.008442827909737317
Pinus pinaster,Decaimiento,2023-08-01,evi,0.24541575242253197,0.02818047398098715,0.0018077782487571307
Pinus pinaster,Decaimiento,2023-08-01,nbr,0.10558419330538207,0.062134303735790285,0.003985917443085388
Pinus pinaster,Decaimiento,2023-08-01,ndvi,0.4970335463080116,0.07594754926145034,0.004872037556710079
Pinus pinaster,Decaimiento,2023-09-01,evi,0.15367802072743467,0.4215551979044171,0.028683198146772285
Pinus pinaster,Decaimiento,2023-09-01,nbr,0.2134774868484778,0.10981832151703998,0.007472190336823739
Pinus pinaster,Decaimiento,2023-09-01,ndvi,0.47807088592329344,0.2691520461896768,0.018313477121964374
Pinus pinaster,Decaimiento,2023-10-01,evi,0.3275300218102784,0.03966388086147362,0.0038166587154128398
Pinus pinaster,Decaimiento,2023-10-01,nbr,0.33036204630715826,0.11428965429844526,0.010997527112466106
Pinus pinaster,Decaimiento,2023-10-01,ndvi,0.6658990787693422,0.09416746557620612,0.009061268599887902
Pinus pinaster,Decaimiento,2023-11-01,evi,0.28839867137024316,0.07781203869828011,0.00864578207758668
Pinus pinaster,Decaimiento,2023-11-01,nbr,0.3972352484183558,0.10885271862511502,0.012094746513901668
Pinus pinaster,Decaimiento,2023-11-01,ndvi,0.6907315856009256,0.12158582044929371,0.01350953560547708
Pinus pinaster,Decaimiento,2023-12-01,evi,0.3261248774359724,0.04644515223382196,0.0036490757886418926
Pinus pinaster,Decaimiento,2023-12-01,nbr,0.46939156442696317,0.06874745894988109,0.005401310490311636
Pinus pinaster,Decaimiento,2023-12-01,ndvi,0.752459836420258,0.09939308389430754,0.007809058180523142
Pinus pinaster,Sanos,2017-06-01,evi,0.22931910640508682,0.04586141850773099,0.014502653921063036
Pinus pinaster,Sanos,2017-06-01,nbr,0.05934126239202822,0.09901825863299477,0.03131232272238941
Pinus pinaster,Sanos,2017-06-01,ndvi,0.43474722259555293,0.11790668654262138,0.03728536808382072
Pinus pinaster,Sanos,2017-07-01,evi,0.24408560110450953,0.046295290475789834,0.010351941654196464
Pinus pinaster,Sanos,2017-07-01,nbr,0.050976365530325446,0.09300094788453393,0.020795644144173314
Pinus pinaster,Sanos,2017-07-01,ndvi,0.4775601927212132,0.10361783340862289,0.02316965191829295
Pinus pinaster,Sanos,2017-08-01,evi,0.1769268408619248,0.09855241609742157,0.0254461244182545
Pinus pinaster,Sanos,2017-08-01,nbr,0.06487989539626865,0.15644981181795067,0.04039516771254715
Pinus pinaster,Sanos,2017-08-01,ndvi,0.44843961102686586,0.14271559221511276,0.036849007459550706
Pinus pinaster,Sanos,2017-09-01,evi,0.270854435860719,0.04028092609722599,0.0104004903962912
Pinus pinaster,Sanos,2017-09-01,nbr,0.10837764132329385,0.09831224174339548,0.02538411166669922
Pinus pinaster,Sanos,2017-09-01,ndvi,0.515586194027969,0.08451750119324494,0.02182232497230021
Pinus pinaster,Sanos,2017-10-01,evi,0.2673811933377516,0.04421552675373932,0.008843105350747863
Pinus pinaster,Sanos,2017-10-01,nbr,0.159794254617015,0.09664350721784394,0.01932870144356879
Pinus pinaster,Sanos,2017-10-01,ndvi,0.5622165992482111,0.08830385186397116,0.017660770372794232
Pinus pinaster,Sanos,2017-11-01,evi,0.27805720631572295,0.06253495377590515,0.016146455635328752
Pinus pinaster,Sanos,2017-11-01,nbr,0.1974269043817207,0.10968360950713534,0.02832018619820351
Pinus pinaster,Sanos,2017-11-01,ndvi,0.5827649698353736,0.0827980295705979,0.021378359308380994
Pinus pinaster,Sanos,2017-12-01,evi,0.30137484210264703,0.06281207977984722,0.016218009261866662
Pinus pinaster,Sanos,2017-12-01,nbr,0.25031185284032587,0.0954586400307914,0.024647314872724247
Pinus pinaster,Sanos,2017-12-01,ndvi,0.6379019565928751,0.0678956013048678,0.017530568875632768
Pinus pinaster,Sanos,2018-01-01,evi,0.3042386170499143,0.05521346893188048,0.012346106980525745
Pinus pinaster,Sanos,2018-01-01,nbr,0.27086444674618304,0.10395792624884953,0.023245698989233725
Pinus pinaster,Sanos,2018-01-01,ndvi,0.6685126105584904,0.06578034890727211,0.014708933174031444
Pinus pinaster,Sanos,2018-02-01,evi,0.2995690273679792,0.04543696908755929,0.009087393817511858
Pinus pinaster,Sanos,2018-02-01,nbr,0.2066308074017972,0.10936303333411543,0.021872606666823086
Pinus pinaster,Sanos,2018-02-01,ndvi,0.6159660493901098,0.04283972771884504,0.008567945543769008
Pinus pinaster,Sanos,2018-04-01,evi,0.28623451827807406,0.032842852635164725,0.008479988086529156
Pinus pinaster,Sanos,2018-04-01,nbr,0.16393637702772346,0.081488609209471,0.0210402684249257
Pinus pinaster,Sanos,2018-04-01,ndvi,0.5706018310496273,0.059863152461524335,0.015456599502330618
Pinus pinaster,Sanos,2018-05-01,evi,0.29639157610956823,0.03375646054683915,0.010674730107362472
Pinus pinaster,Sanos,2018-05-01,nbr,0.18203752030090356,0.06481039883668405,0.020494847638784865
Pinus pinaster,Sanos,2018-05-01,ndvi,0.5471938996738315,0.07585069033163737,0.02398609435440865
Pinus pinaster,Sanos,2018-06-01,evi,0.32897974546266906,0.037391334299281674,0.006320289054602845
Pinus pinaster,Sanos,2018-06-01,nbr,0.20970931997188547,0.049047783494746644,0.008290588581117647
Pinus pinaster,Sanos,2018-06-01,ndvi,0.5507056238098258,0.06138957934354237,0.010376732835637737
Pinus pinaster,Sanos,2018-07-01,evi,0.28584446767372784,0.040410388839075766,0.006024025096091481
Pinus pinaster,Sanos,2018-07-01,nbr,0.13131118705392916,0.05765317309701729,0.008594427610899515
Pinus pinaster,Sanos,2018-07-01,ndvi,0.4668361290092549,0.06601487674464478,0.00984091679515305
Pinus pinaster,Sanos,2018-08-01,evi,0.26612017634465934,0.04172184334199428,0.006596802657071668
Pinus pinaster,Sanos,2018-08-01,nbr,0.14248416988172546,0.0602676302720687,0.009529149042032519
Pinus pinaster,Sanos,2018-08-01,ndvi,0.4510135883258592,0.06833555676912803,0.010804800228309082
Pinus pinaster,Sanos,2018-09-01,evi,0.2623747744831783,0.05256136078947181,0.008884491541108545
Pinus pinaster,Sanos,2018-09-01,nbr,0.15215823758949742,0.08451423705391498,0.014285513406250137
Pinus pinaster,Sanos,2018-09-01,ndvi,0.4929193838694226,0.08606586225098534,0.014547785933659735
Pinus pinaster,Sanos,2018-10-01,evi,0.23449041958210567,0.10100212135199278,0.018440380073453545
Pinus pinaster,Sanos,2018-10-01,nbr,0.1924730463909717,0.11016321587857604,0.020112959448002465
Pinus pinaster,Sanos,2018-10-01,ndvi,0.5378169957698298,0.1200103218313694,0.021910786800165238
Pinus pinaster,Sanos,2018-11-01,evi,0.377856571232836,0.04914098435011494,0.021976516297622067
Pinus pinaster,Sanos,2018-11-01,nbr,0.4160839429706409,0.04615488705079048,0.02064109298787846
Pinus pinaster,Sanos,2018-11-01,ndvi,0.6718891311051974,0.028837459821880216,0.012896504092028627
Pinus pinaster,Sanos,2018-12-01,evi,0.3594599375384053,0.0866100663485182,0.038733199178210734
Pinus pinaster,Sanos,2018-12-01,nbr,0.42692497328003887,0.055428398410250726,0.024788333345852377
Pinus pinaster,Sanos,2018-12-01,ndvi,0.7060533240943918,0.035500777268185235,0.015876430245148294
Pinus pinaster,Sanos,2019-01-01,evi,0.34605188663181063,0.13576410584606333,0.022948322339042617
Pinus pinaster,Sanos,2019-01-01,nbr,0.2961452259174044,0.11689720647171112,0.019759234283088907
Pinus pinaster,Sanos,2019-01-01,ndvi,0.5898688424765542,0.21930355048902428,0.037069065754573784
Pinus pinaster,Sanos,2019-02-01,evi,0.2918723647632023,0.057156002805878056,0.009037157540877468
Pinus pinaster,Sanos,2019-02-01,nbr,0.27359189100093245,0.08295234255014423,0.0131159169852478
Pinus pinaster,Sanos,2019-02-01,ndvi,0.6126452335135312,0.06074535984261273,0.00960468471945918
Pinus pinaster,Sanos,2019-03-01,evi,0.2801164299009252,0.042740928003089006,0.006757934089951673
Pinus pinaster,Sanos,2019-03-01,nbr,0.20564202967093084,0.065593561969628,0.01037125278337124
Pinus pinaster,Sanos,2019-03-01,ndvi,0.552014239654705,0.06864612655853197,0.010853905623656845
Pinus pinaster,Sanos,2019-04-01,evi,0.27932548030642984,0.03952357875927769,0.00790471575185554
Pinus pinaster,Sanos,2019-04-01,nbr,0.17216378425639364,0.06027165214111532,0.012054330428223065
Pinus pinaster,Sanos,2019-04-01,ndvi,0.531254906444423,0.07552246857574599,0.015104493715149197
Pinus pinaster,Sanos,2019-05-01,evi,0.28959728227271736,0.03668553499028404,0.0073371069980568086
Pinus pinaster,Sanos,2019-05-01,nbr,0.1501212040290093,0.07207189914633579,0.014414379829267156
Pinus pinaster,Sanos,2019-05-01,ndvi,0.5101696438224425,0.07400302359795533,0.014800604719591066
Pinus pinaster,Sanos,2019-06-01,evi,0.2506521839553862,0.03923111727205721,0.007162589295345424
Pinus pinaster,Sanos,2019-06-01,nbr,0.10607786241519869,0.0702269514307391,0.012821628481145169
Pinus pinaster,Sanos,2019-06-01,ndvi,0.4217802863522781,0.08476604287720925,0.015476091264765873
Pinus pinaster,Sanos,2019-07-01,evi,0.22453534268691533,0.030897574018271146,0.00416622803071325
Pinus pinaster,Sanos,2019-07-01,nbr,0.0979194628651089,0.06887035165263063,0.009286476322399737
Pinus pinaster,Sanos,2019-07-01,ndvi,0.3866402258235344,0.06498549654982075,0.008762642567198928
Pinus pinaster,Sanos,2019-08-01,evi,0.21377848351507558,0.0450165132558973,0.006710665583347116
Pinus pinaster,Sanos,2019-08-01,nbr,0.11160101581835548,0.10385398890063276,0.015481638594421566
Pinus pinaster,Sanos,2019-08-01,ndvi,0.3990527493801092,0.08849182814233156,0.013191582878632153
Pinus pinaster,Sanos,2019-09-01,evi,0.23682887251047635,0.032485998886470156,0.004842726788475316
Pinus pinaster,Sanos,2019-09-01,nbr,0.11656388737657558,0.08557154666747063,0.012756253019217328
Pinus pinaster,Sanos,2019-09-01,ndvi,0.4499779091563616,0.08718958709625489,0.012997456245157628
Pinus pinaster,Sanos,2019-10-01,evi,0.23965795674217286,0.05112143204693246,0.010224286409386493
Pinus pinaster,Sanos,2019-10-01,nbr,0.20420615380791227,0.09173917494893015,0.01834783498978603
Pinus pinaster,Sanos,2019-10-01,ndvi,0.5186991208685919,0.09127368268940968,0.018254736537881934
Pinus pinaster,Sanos,2019-11-01,evi,0.2547161170936213,0.05201560702813809,0.013430371984189886
Pinus pinaster,Sanos,2019-11-01,nbr,0.27753412328386007,0.10573758101622165,0.02730132602293893
Pinus pinaster,Sanos,2019-11-01,ndvi,0.5887700767144532,0.06345982395313637,0.016385256088250113
Pinus pinaster,Sanos,2019-12-01,evi,0.29553956189237307,0.07488286511438962,0.023680041148063633
Pinus pinaster,Sanos,2019-12-01,nbr,0.312061407242319,0.05962439015419443,0.01885488769857725
Pinus pinaster,Sanos,2019-12-01,ndvi,0.6411174960720727,0.0475635167128815,0.01504090463401905
Pinus pinaster,Sanos,2020-01-01,evi,0.28341455202251836,0.07178961128676406,0.014357922257352811
Pinus pinaster,Sanos,2020-01-01,nbr,0.2763776450372607,0.07416276493738613,0.014832552987477227
Pinus pinaster,Sanos,2020-01-01,ndvi,0.6152243729473289,0.05807694209830411,0.01161538841966082
Pinus pinaster,Sanos,2020-02-01,evi,0.26797404266692143,0.04995555342766837,0.01117040133178891
Pinus pinaster,Sanos,2020-02-01,nbr,0.2161148097761166,0.07705779725679342,0.01723064728625869
Pinus pinaster,Sanos,2020-02-01,ndvi,0.5874595041452976,0.06399360229100969,0.014309404484778392
Pinus pinaster,Sanos,2020-03-01,evi,0.27550450318987707,0.032514311340450935,0.01454084207976812
Pinus pinaster,Sanos,2020-03-01,nbr,0.16167357169281268,0.023400000551689663,0.010464798381422133
Pinus pinaster,Sanos,2020-03-01,ndvi,0.5456376996043075,0.03695215422240491,0.01652550575127065
Pinus pinaster,Sanos,2020-04-01,evi,0.2826234674689068,0.03291120122288551,0.014718336631109242
Pinus pinaster,Sanos,2020-04-01,nbr,0.19439338908272477,0.016502738617279692,0.007380249072629655
Pinus pinaster,Sanos,2020-04-01,ndvi,0.5537047533816455,0.05465905123720911,0.024444270830408708
Pinus pinaster,Sanos,2020-05-01,evi,0.30890313655701584,0.029598351485093204,0.005403894924450693
Pinus pinaster,Sanos,2020-05-01,nbr,0.20741263415071962,0.04507419293654701,0.008229384077562274
Pinus pinaster,Sanos,2020-05-01,ndvi,0.5304633691123878,0.0636943141093663,0.011628937540839832
Pinus pinaster,Sanos,2020-06-01,evi,0.2597513100851759,0.0630604310046931,0.009400494027795274
Pinus pinaster,Sanos,2020-06-01,nbr,0.17337041511952897,0.06774133246711542,0.010098281618858907
Pinus pinaster,Sanos,2020-06-01,ndvi,0.4980752572337238,0.07239345932149406,0.010791779744615102
Pinus pinaster,Sanos,2020-07-01,evi,0.2382654915679912,0.03979810955454782,0.005366375997594637
Pinus pinaster,Sanos,2020-07-01,nbr,0.10838430043740473,0.0623091295790051,0.008401761318473913
Pinus pinaster,Sanos,2020-07-01,ndvi,0.42911284530630023,0.08625014346566591,0.011629966972397371
Pinus pinaster,Sanos,2020-08-01,evi,0.23968632618833102,0.039593326137358484,0.005599341880291352
Pinus pinaster,Sanos,2020-08-01,nbr,0.11751598081513515,0.0723529368519719,0.010232250457358276
Pinus pinaster,Sanos,2020-08-01,ndvi,0.4419483090487354,0.09554515232651173,0.013512125023915616
Pinus pinaster,Sanos,2020-09-01,evi,0.23524045351152,0.04401314593891384,0.008035664285836668
Pinus pinaster,Sanos,2020-09-01,nbr,0.14021613850258735,0.08230515720836376,0.015026797067343252
Pinus pinaster,Sanos,2020-09-01,ndvi,0.47927389718755997,0.09001150045124545,0.016433776410677857
Pinus pinaster,Sanos,2020-10-01,evi,0.2811196581981143,0.04892303191161677,0.010939522501976657
Pinus pinaster,Sanos,2020-10-01,nbr,0.230206832152908,0.0778764826272685,0.017413710900315377
Pinus pinaster,Sanos,2020-10-01,ndvi,0.557659343540498,0.10079928181585852,0.02253940462234181
Pinus pinaster,Sanos,2020-11-01,evi,0.2893309028577693,0.05849491930891717,0.01849771765639407
Pinus pinaster,Sanos,2020-11-01,nbr,0.3485772438791693,0.08215009533384399,0.025978141125491745
Pinus pinaster,Sanos,2020-11-01,ndvi,0.6705974320988021,0.06636267386752245,0.020985720104030613
Pinus pinaster,Sanos,2020-12-01,evi,0.2931477899292083,0.07116392513712187,0.03182547483046211
Pinus pinaster,Sanos,2020-12-01,nbr,0.38366445580626585,0.05647114040206591,0.025254661741190836
Pinus pinaster,Sanos,2020-12-01,ndvi,0.6112813506456554,0.03798470665156336,0.016987277235656816
Pinus pinaster,Sanos,2021-01-01,evi,0.3298194317658225,0.06902186649202115,0.011666824827007061
Pinus pinaster,Sanos,2021-01-01,nbr,0.47213006141192976,0.16022923298920408,0.027083683598542522
Pinus pinaster,Sanos,2021-01-01,ndvi,0.6101010011409868,0.15659006616636975,0.026468552133745465
Pinus pinaster,Sanos,2021-02-01,evi,0.2827774768758777,0.06444477190592564,0.02882057815522368
Pinus pinaster,Sanos,2021-02-01,nbr,0.3821863383171903,0.11157258524346275,0.049896777005954525
Pinus pinaster,Sanos,2021-02-01,ndvi,0.6931752641881108,0.06689012427959101,0.02991417298251493
Pinus pinaster,Sanos,2021-03-01,evi,0.2552701226192929,0.08074541469039574,0.0180552236119135
Pinus pinaster,Sanos,2021-03-01,nbr,0.2763167275219598,0.08457721718517994,0.018912040697382573
Pinus pinaster,Sanos,2021-03-01,ndvi,0.5847401090855936,0.07150078432889014,0.015988061420395
Pinus pinaster,Sanos,2021-04-01,evi,0.29636297057793504,0.032331226346161625,0.008347886746743097
Pinus pinaster,Sanos,2021-04-01,nbr,0.25276496440993845,0.05136368161249326,0.013262045565672434
Pinus pinaster,Sanos,2021-04-01,ndvi,0.5725817851163933,0.08784296790450294,0.02268095678503817
Pinus pinaster,Sanos,2021-05-01,evi,0.28677025726724886,0.052940465003242544,0.011837847850769894
Pinus pinaster,Sanos,2021-05-01,nbr,0.2521894989826619,0.05408148156837198,0.01209298691107817
Pinus pinaster,Sanos,2021-05-01,ndvi,0.5002469595964224,0.16359439101192041,0.03658081790403346
Pinus pinaster,Sanos,2021-06-01,evi,0.27335876488822675,0.03626015670330639,0.007252031340661278
Pinus pinaster,Sanos,2021-06-01,nbr,0.14829403539669211,0.07357904149502724,0.014715808299005447
Pinus pinaster,Sanos,2021-06-01,ndvi,0.5240419801057368,0.07491141228257406,0.014982282456514812
Pinus pinaster,Sanos,2021-07-01,evi,0.2650019640914888,0.0409815906233564,0.0055259565523583555
Pinus pinaster,Sanos,2021-07-01,nbr,0.12507067551943404,0.08406845857303329,0.011335788641487161
Pinus pinaster,Sanos,2021-07-01,ndvi,0.4901039971822095,0.08754341778082228,0.011804352045478505
Pinus pinaster,Sanos,2021-08-01,evi,0.23401218850087324,0.05245467519402668,0.007138177158266199
Pinus pinaster,Sanos,2021-08-01,nbr,0.11680153390319145,0.08773318394435924,0.01193897412074543
Pinus pinaster,Sanos,2021-08-01,ndvi,0.4504051080311258,0.11058849200457602,0.015049187601948247
Pinus pinaster,Sanos,2021-09-01,evi,0.20476081952706568,0.22828569332428963,0.0523723298661419
Pinus pinaster,Sanos,2021-09-01,nbr,0.21646541726296073,0.11814022469320004,0.02710322634762355
Pinus pinaster,Sanos,2021-09-01,ndvi,0.538141494306412,0.17557700013583077,0.04028012633695333
Pinus pinaster,Sanos,2021-10-01,evi,0.26570850833549015,0.039906582666127205,0.007981316533225442
Pinus pinaster,Sanos,2021-10-01,nbr,0.24501266327023574,0.11548471907564024,0.02309694381512805
Pinus pinaster,Sanos,2021-10-01,ndvi,0.6147473408385312,0.11093363031992265,0.02218672606398453
Pinus pinaster,Sanos,2021-11-01,evi,0.28154262799795576,0.048062456548229035,0.009612491309645806
Pinus pinaster,Sanos,2021-11-01,nbr,0.2941732022189223,0.11353977561425697,0.022707955122851394
Pinus pinaster,Sanos,2021-11-01,ndvi,0.6511348296731269,0.09017542143900421,0.018035084287800842
Pinus pinaster,Sanos,2021-12-01,evi,0.2944750096900733,0.0540423901012927,0.013953685123436746
Pinus pinaster,Sanos,2021-12-01,nbr,0.411549466323498,0.09236137051771304,0.023847603323199684
Pinus pinaster,Sanos,2021-12-01,ndvi,0.6680829799566741,0.07994921429512437,0.020642798367158977
Pinus pinaster,Sanos,2022-01-01,evi,0.2941292100314856,0.049972774837490096,0.008446940654898982
Pinus pinaster,Sanos,2022-01-01,nbr,0.380833332408288,0.10912338927801656,0.018445219347742375
Pinus pinaster,Sanos,2022-01-01,ndvi,0.6762571990444006,0.0844640710637329,0.014277033806241127
Pinus pinaster,Sanos,2022-02-01,evi,0.2846024864712653,0.04416937957122095,0.006983792114078479
Pinus pinaster,Sanos,2022-02-01,nbr,0.2833241818408174,0.10333261990233694,0.016338321774191526
Pinus pinaster,Sanos,2022-02-01,ndvi,0.5982403458967683,0.09672321919660093,0.015293283764249021
Pinus pinaster,Sanos,2022-03-01,evi,0.27122595666643173,0.03626359417454204,0.01621757233654827
Pinus pinaster,Sanos,2022-03-01,nbr,0.2878169505936745,0.09118621974402588,0.04077971719177507
Pinus pinaster,Sanos,2022-03-01,ndvi,0.6062610210469074,0.13638300642721846,0.06099233466941024
Pinus pinaster,Sanos,2022-04-01,evi,0.2869593013599732,0.03809960835278747,0.007619921670557495
Pinus pinaster,Sanos,2022-04-01,nbr,0.21430559590232184,0.08296169107761352,0.016592338215522702
Pinus pinaster,Sanos,2022-04-01,ndvi,0.5850563407669851,0.1001869544358707,0.02003739088717414
Pinus pinaster,Sanos,2022-05-01,evi,0.2974688210117257,0.03070125476272793,0.004341813086732141
Pinus pinaster,Sanos,2022-05-01,nbr,0.19999305848113694,0.06661082683868294,0.009420193471615117
Pinus pinaster,Sanos,2022-05-01,ndvi,0.5541886157716013,0.08791325490363315,0.0124328117397081
Pinus pinaster,Sanos,2022-06-01,evi,0.25385122222869444,0.04983427752286286,0.009966855504572571
Pinus pinaster,Sanos,2022-06-01,nbr,0.13424352187269215,0.10712459810798691,0.021424919621597382
Pinus pinaster,Sanos,2022-06-01,ndvi,0.42506548607439315,0.1565226227965135,0.0313045245593027
Pinus pinaster,Sanos,2022-07-01,evi,0.24654491484372754,0.04132413621246369,0.005844115388501929
Pinus pinaster,Sanos,2022-07-01,nbr,0.11297824390844426,0.08827956774523936,0.012484616198575193
Pinus pinaster,Sanos,2022-07-01,ndvi,0.45131111347233954,0.09473937120083151,0.013398170364291492
Pinus pinaster,Sanos,2022-08-01,evi,0.20653977968076084,0.12735330953345306,0.015796233947039162
Pinus pinaster,Sanos,2022-08-01,nbr,0.14633526803287203,0.100606956520059,0.012478757149793553
Pinus pinaster,Sanos,2022-08-01,ndvi,0.39922287627999997,0.1505764945202512,0.01867671553319276
Pinus pinaster,Sanos,2022-09-01,evi,0.261997429731351,0.04899349414113672,0.010955278335481938
Pinus pinaster,Sanos,2022-09-01,nbr,0.20928153727949625,0.11178586084695405,0.024996078377712144
Pinus pinaster,Sanos,2022-09-01,ndvi,0.51807858097587,0.13375720717847162,0.029909020773158535
Pinus pinaster,Sanos,2022-10-01,evi,0.29511533559651076,0.0477069547900954,0.010667599391016252
Pinus pinaster,Sanos,2022-10-01,nbr,0.185520402012876,0.11644110126623655,0.026037021780624177
Pinus pinaster,Sanos,2022-10-01,ndvi,0.4663503354399374,0.17580017241348653,0.03931011359727391
Pinus pinaster,Sanos,2022-11-01,evi,0.317937745223629,0.07463036320896593,0.03337571306414943
Pinus pinaster,Sanos,2022-11-01,nbr,0.4410937259606682,0.047439768779534396,0.021215709565582226
Pinus pinaster,Sanos,2022-11-01,ndvi,0.6991072189856595,0.05855342142513079,0.026185886124357013
Pinus pinaster,Sanos,2022-12-01,evi,0.29650570686542255,0.08807245540613069,0.039387199446685416
Pinus pinaster,Sanos,2022-12-01,nbr,0.46135091108959003,0.05349096280151078,0.023921885801218137
Pinus pinaster,Sanos,2022-12-01,ndvi,0.7131875254978792,0.06749656978410956,0.030185383657065454
Pinus pinaster,Sanos,2023-01-01,evi,0.32911725436462375,0.07959589044257503,0.01779818217592236
Pinus pinaster,Sanos,2023-01-01,nbr,0.41319700012156396,0.06333117256209729,0.014161280694361905
Pinus pinaster,Sanos,2023-01-01,ndvi,0.7007745531859702,0.06345693645641451,0.014189402356042746
Pinus pinaster,Sanos,2023-02-01,evi,0.3411767492187257,0.06144926275455999,0.012289852550911997
Pinus pinaster,Sanos,2023-02-01,nbr,0.3401968234517778,0.08572234476592946,0.017144468953185894
Pinus pinaster,Sanos,2023-02-01,ndvi,0.5882337902671879,0.16390167438119882,0.03278033487623976
Pinus pinaster,Sanos,2023-03-01,evi,0.31158254236312516,0.04586699848294192,0.009173399696588385
Pinus pinaster,Sanos,2023-03-01,nbr,0.30456776677382974,0.0474679299314923,0.00949358598629846
Pinus pinaster,Sanos,2023-03-01,ndvi,0.6310436828340186,0.09845093803987076,0.01969018760797415
Pinus pinaster,Sanos,2023-04-01,evi,0.32276581388154973,0.09374393269815251,0.015845616714965458
Pinus pinaster,Sanos,2023-04-01,nbr,0.21475115185618332,0.06702534548464359,0.01132935118219906
Pinus pinaster,Sanos,2023-04-01,ndvi,0.4993266769705047,0.19794540870455155,0.03345888087412537
Pinus pinaster,Sanos,2023-05-01,evi,0.2834954247012035,0.036226779103948795,0.008100554068229841
Pinus pinaster,Sanos,2023-05-01,nbr,0.1898802784278613,0.07578154516255439,0.016945268642344195
Pinus pinaster,Sanos,2023-05-01,ndvi,0.49856300843311374,0.10945695641840866,0.024475319516179365
Pinus pinaster,Sanos,2023-06-01,evi,0.2800109682647481,0.049369120712005395,0.009873824142401079
Pinus pinaster,Sanos,2023-06-01,nbr,0.14034265832834558,0.09897662449019191,0.019795324898038383
Pinus pinaster,Sanos,2023-06-01,ndvi,0.47879608052424594,0.0962108339561939,0.01924216679123878
Pinus pinaster,Sanos,2023-07-01,evi,0.24038286080322085,0.08081244001749957,0.012046807287116889
Pinus pinaster,Sanos,2023-07-01,nbr,0.11394189968456409,0.14110106381318255,0.021034104692254123
Pinus pinaster,Sanos,2023-07-01,ndvi,0.4867226724262878,0.1198733428984499,0.01786966289407171
Pinus pinaster,Sanos,2023-08-01,evi,0.24783609275453494,0.043972673657007466,0.006555059163298864
Pinus pinaster,Sanos,2023-08-01,nbr,0.13019247358549293,0.11159784903593088,0.01663602510580672
Pinus pinaster,Sanos,2023-08-01,ndvi,0.4844031869166928,0.11986337546017882,0.017868177036102665
Pinus pinaster,Sanos,2023-09-01,evi,0.0981643357538756,0.4528902274322613,0.07160823243588083
Pinus pinaster,Sanos,2023-09-01,nbr,0.23141708536549616,0.14934714162184237,0.02361385647803776
Pinus pinaster,Sanos,2023-09-01,ndvi,0.46780952473528997,0.2654855033024462,0.0419769438095942
Pinus pinaster,Sanos,2023-10-01,evi,0.32079215439391623,0.046164694642700475,0.010322739538159863
Pinus pinaster,Sanos,2023-10-01,nbr,0.3534987744818979,0.11712196702699162,0.02618926799308422
Pinus pinaster,Sanos,2023-10-01,ndvi,0.6521920226871197,0.10801632499735446,0.024153184537379434
Pinus pinaster,Sanos,2023-11-01,evi,0.2809102502403521,0.10465608417013031,0.02702208473801309
Pinus pinaster,Sanos,2023-11-01,nbr,0.4553445197606053,0.07239158216579575,0.018691426142248852
Pinus pinaster,Sanos,2023-11-01,ndvi,0.7003028310802571,0.09199044061623138,0.0237518296344631
Pinus pinaster,Sanos,2023-12-01,evi,0.3342334991427285,0.06796251679268267,0.012408201170725316
Pinus pinaster,Sanos,2023-12-01,nbr,0.5166250879700416,0.05936734895201161,0.010838945400099147
Pinus pinaster,Sanos,2023-12-01,ndvi,0.7515431649939619,0.07719996305065288,0.014094720400469307
Pinus sylvestris,Decaimiento,2017-06-01,evi,0.28525565505153644,0.03482535052141123,0.006358210017867076
Pinus sylvestris,Decaimiento,2017-06-01,nbr,0.18680741806576057,0.09369295349971275,0.017105914703691757
Pinus sylvestris,Decaimiento,2017-06-01,ndvi,0.6012380924698965,0.073740454725011,0.013463103484525646
Pinus sylvestris,Decaimiento,2017-07-01,evi,0.27285897003960125,0.034863588102562675,0.004930455912763341
Pinus sylvestris,Decaimiento,2017-07-01,nbr,0.16808598850948553,0.09085290991293767,0.012848541737993746
Pinus sylvestris,Decaimiento,2017-07-01,ndvi,0.5890945095422079,0.08195568089359132,0.011590283543323837
Pinus sylvestris,Decaimiento,2017-08-01,evi,0.2640371936567331,0.029258004406410996,0.006542288673872337
Pinus sylvestris,Decaimiento,2017-08-01,nbr,0.16573840719378907,0.10430499444864533,0.023323305797990915
Pinus sylvestris,Decaimiento,2017-08-01,ndvi,0.6065595247932914,0.07747966658173398,0.017324980135077595
Pinus sylvestris,Decaimiento,2017-09-01,evi,0.27066634895515007,0.032606028171562496,0.005155465723687645
Pinus sylvestris,Decaimiento,2017-09-01,nbr,0.23262692252074077,0.12044516343852402,0.019044052480848686
Pinus sylvestris,Decaimiento,2017-09-01,ndvi,0.6361675801889836,0.0726839581663277,0.011492342858099554
Pinus sylvestris,Decaimiento,2017-10-01,evi,0.2663606380788965,0.03634298232799355,0.00513967385053342
Pinus sylvestris,Decaimiento,2017-10-01,nbr,0.24878244024430557,0.12208844783606665,0.01726591387388456
Pinus sylvestris,Decaimiento,2017-10-01,ndvi,0.6480102583843759,0.070948458814411,0.010033627268480899
Pinus sylvestris,Decaimiento,2017-12-01,evi,0.2552674300982917,0.05175934506927535,0.009449920285378634
Pinus sylvestris,Decaimiento,2017-12-01,nbr,0.3837092184295382,0.12269656851729915,0.02240122610180098
Pinus sylvestris,Decaimiento,2017-12-01,ndvi,0.6844202721546581,0.08287722057348192,0.01513124107047576
Pinus sylvestris,Decaimiento,2018-01-01,evi,0.2411679202568338,0.06189862991773862,0.009787032729194746
Pinus sylvestris,Decaimiento,2018-01-01,nbr,0.5981314381065981,0.22681969490221443,0.03586334270377401
Pinus sylvestris,Decaimiento,2018-01-01,ndvi,0.4711711915694459,0.2244335267516797,0.035486056391981956
Pinus sylvestris,Decaimiento,2018-02-01,evi,0.23778255832581222,0.04158847657696956,0.00929946607067617
Pinus sylvestris,Decaimiento,2018-02-01,nbr,0.1813812687290157,0.10729803554746803,0.023992570133632738
Pinus sylvestris,Decaimiento,2018-02-01,ndvi,0.5537139177818141,0.09379844633002683,0.020973970217780566
Pinus sylvestris,Decaimiento,2018-04-01,evi,0.27542630067779533,0.022147786446354085,0.0035018725150742767
Pinus sylvestris,Decaimiento,2018-04-01,nbr,0.2195442460233115,0.06034695013312487,0.009541690613263798
Pinus sylvestris,Decaimiento,2018-04-01,ndvi,0.5764111275842518,0.062362833142982514,0.00986042970364309
Pinus sylvestris,Decaimiento,2018-05-01,nbr,0.2159935451261278,0.03230270547139406,0.01021501238751883
Pinus sylvestris,Decaimiento,2018-05-01,ndvi,0.5692996868410473,0.03909924610679195,0.012364267249293365
Pinus sylvestris,Decaimiento,2018-06-01,evi,0.3661656634694714,0.05435719826317874,0.007687268699639062
Pinus sylvestris,Decaimiento,2018-06-01,nbr,0.28557885040914205,0.06917671393522193,0.009783064704759472
Pinus sylvestris,Decaimiento,2018-06-01,ndvi,0.5841770034121014,0.10651333505205192,0.015063260300420139
Pinus sylvestris,Decaimiento,2018-07-01,evi,0.2751138026463734,0.11863157341626672,0.01417918505174755
Pinus sylvestris,Decaimiento,2018-07-01,nbr,0.2207873543256838,0.17622912061371165,0.02106340867553497
Pinus sylvestris,Decaimiento,2018-07-01,ndvi,0.6666339104235652,0.13095575018496844,0.01565220591779221
Pinus sylvestris,Decaimiento,2018-08-01,evi,0.28063662912715814,0.09316142672026945,0.010415764151369388
Pinus sylvestris,Decaimiento,2018-08-01,nbr,0.21242053868003002,0.14422174036572252,0.016124480764554045
Pinus sylvestris,Decaimiento,2018-08-01,ndvi,0.5350855676378349,0.20240921041074345,0.022630037687524023
Pinus sylvestris,Decaimiento,2018-09-01,evi,0.2572621335616169,0.08596817587527744,0.009611534257938892
Pinus sylvestris,Decaimiento,2018-09-01,nbr,0.34061605191701944,0.13312285615192318,0.014883587785731314
Pinus sylvestris,Decaimiento,2018-09-01,ndvi,0.605310432461389,0.08257503379124552,0.009232169440078358
Pinus sylvestris,Decaimiento,2018-10-01,evi,0.3046087766401791,0.046852648219291464,0.006625965054481763
Pinus sylvestris,Decaimiento,2018-10-01,nbr,0.31361594767746487,0.10495804632959337,0.014843309259949459
Pinus sylvestris,Decaimiento,2018-10-01,ndvi,0.5879969529415432,0.17206801161714838,0.024334091567954252
Pinus sylvestris,Decaimiento,2018-12-01,evi,0.31793210495243884,0.06195566101051355,0.011311504366867195
Pinus sylvestris,Decaimiento,2018-12-01,nbr,0.44626922803896824,0.1053787742630463,0.019239443915371766
Pinus sylvestris,Decaimiento,2018-12-01,ndvi,0.7434058634602674,0.051171667485581024,0.00934262552900213
Pinus sylvestris,Decaimiento,2019-01-01,evi,0.31188320899670935,0.06321928796333354,0.008161574981369393
Pinus sylvestris,Decaimiento,2019-01-01,nbr,0.43940591639935467,0.12075854831174494,0.015589861550785731
Pinus sylvestris,Decaimiento,2019-01-01,ndvi,0.7453292448772514,0.055374943299266115,0.007148874439841255
Pinus sylvestris,Decaimiento,2019-02-01,evi,0.27610438809567006,0.06291940770021456,0.007520307616567119
Pinus sylvestris,Decaimiento,2019-02-01,nbr,0.38823117073409014,0.11049205633961906,0.013206326684130036
Pinus sylvestris,Decaimiento,2019-02-01,ndvi,0.7154578254020855,0.057978406622140544,0.006929745031840504
Pinus sylvestris,Decaimiento,2019-03-01,evi,0.3293673262698266,0.03868086510006136,0.0040773211860636914
Pinus sylvestris,Decaimiento,2019-03-01,nbr,0.3734121210465089,0.08564304468656384,0.009027569565370768
Pinus sylvestris,Decaimiento,2019-03-01,ndvi,0.7104288556626959,0.059935289282178145,0.006317734211758708
Pinus sylvestris,Decaimiento,2019-04-01,evi,0.35459657576137626,0.06312745340865114,0.014115727706819476
Pinus sylvestris,Decaimiento,2019-04-01,nbr,0.3440088667897373,0.075641075746128425,0.016913858725955376
Pinus sylvestris,Decaimiento,2019-04-01,ndvi,0.5683683943343645,0.11326638903821355,0.02532713454553825
Pinus sylvestris,Decaimiento,2019-05-01,evi,0.3550513246691405,0.03589843095635121,0.004634467508297501
Pinus sylvestris,Decaimiento,2019-05-01,nbr,0.32190095198648555,0.06775461032899599,0.00874708258109915
Pinus sylvestris,Decaimiento,2019-05-01,ndvi,0.60099373305402215,0.1333201730808491,0.017211560335187295
Pinus sylvestris,Decaimiento,2019-06-01,evi,0.33654452973137944,0.0551342253182803,0.007117797882124897
Pinus sylvestris,Decaimiento,2019-06-01,nbr,0.3146420627866396,0.08803889917138207,0.011365773010306557
Pinus sylvestris,Decaimiento,2019-06-01,ndvi,0.6194148656047093,0.07050978364075036,0.009102773926177143
Pinus sylvestris,Decaimiento,2019-07-01,evi,0.1966173757461215,0.2802973091938219,0.03133819186338312
Pinus sylvestris,Decaimiento,2019-07-01,nbr,0.2465182790297275,0.09426076916004081,0.01053867437266335
Pinus sylvestris,Decaimiento,2019-07-01,ndvi,0.4559409260054585,0.2303720757404561,0.0257563810736695
Pinus sylvestris,Decaimiento,2019-08-01,evi,0.2719459985338507,0.07552049943626796,0.00902642615174494
Pinus sylvestris,Decaimiento,2019-08-01,nbr,0.2808363993108935,0.09923174291101959,0.011860461808136602
Pinus sylvestris,Decaimiento,2019-08-01,ndvi,0.584802685280252,0.0684241884965945,0.008178254766161906
Pinus sylvestris,Decaimiento,2019-09-01,evi,0.2705090590078329,0.09244806383975804,0.011934993721350099
Pinus sylvestris,Decaimiento,2019-09-01,nbr,0.3085179904637832,0.09620712187574032,0.012420286027042983
Pinus sylvestris,Decaimiento,2019-09-01,ndvi,0.5806121592596466,0.15385885892127454,0.019863093275619092
Pinus sylvestris,Decaimiento,2019-10-01,evi,0.30540551711180386,0.03511283646437967,0.005551826916822674
Pinus sylvestris,Decaimiento,2019-10-01,nbr,0.3582717697034019,0.09668251143439394,0.015286847301897891
Pinus sylvestris,Decaimiento,2019-10-01,ndvi,0.675303533506961,0.05125495495403246,0.008104119951203673
Pinus sylvestris,Decaimiento,2019-11-01,evi,0.2933204442864153,0.026424913966557953,0.00835629151083176
Pinus sylvestris,Decaimiento,2019-11-01,nbr,0.4811455485695421,0.060147474378604286,0.01902030145430103
Pinus sylvestris,Decaimiento,2019-11-01,ndvi,0.6588415099195124,0.02657538448353612,0.008403874466267166
Pinus sylvestris,Decaimiento,2019-12-01,evi,0.31395557323933365,0.05214528702318564,0.009520383323393396
Pinus sylvestris,Decaimiento,2019-12-01,nbr,0.4416919408127732,0.09761060473800932,0.01782117668890945
Pinus sylvestris,Decaimiento,2019-12-01,ndvi,0.7119807068213283,0.0415040697194619,0.0075775717378721305
Pinus sylvestris,Decaimiento,2020-01-01,evi,0.26132775072640635,0.05112619839998064,0.011432165505349768
Pinus sylvestris,Decaimiento,2020-01-01,nbr,0.2220321758986974,0.20847175694959696,0.0466157019928113
Pinus sylvestris,Decaimiento,2020-01-01,ndvi,0.5261207493679626,0.21522715610606327,0.04812625516571164
Pinus sylvestris,Decaimiento,2020-02-01,evi,0.26729336007589005,0.08087963137105066,0.010441515511582471
Pinus sylvestris,Decaimiento,2020-02-01,nbr,0.34966082593848774,0.09701788572615552,0.012524955190055153
Pinus sylvestris,Decaimiento,2020-02-01,ndvi,0.6667293791915287,0.10665777136598324,0.013769459074801713
Pinus sylvestris,Decaimiento,2020-03-01,evi,0.3330231841251068,0.026640607700378675,0.005957020977995106
Pinus sylvestris,Decaimiento,2020-03-01,nbr,0.326471881377588,0.080106850258087,0.01791243626404791
Pinus sylvestris,Decaimiento,2020-03-01,ndvi,0.6937684879281796,0.05297776468609828,0.011846188313410356
Pinus sylvestris,Decaimiento,2020-04-01,evi,0.3482604038939187,0.02317886706616248,0.0073298013511338194
Pinus sylvestris,Decaimiento,2020-04-01,nbr,0.3549764239433181,0.05443400525707387,0.01721354387779328
Pinus sylvestris,Decaimiento,2020-04-01,ndvi,0.6946074787367932,0.047617873164281316,0.015058093653213818
Pinus sylvestris,Decaimiento,2020-05-01,evi,0.4139975479463203,0.03172588409865731,0.007094123349087738
Pinus sylvestris,Decaimiento,2020-05-01,nbr,0.3667168728074595,0.04402848763012704,0.009845069128747268
Pinus sylvestris,Decaimiento,2020-05-01,ndvi,0.6834619181315501,0.03475316404811777,0.00777104372447931
Pinus sylvestris,Decaimiento,2020-06-01,evi,0.333145104903044,0.10337849773388462,0.01461992735530159
Pinus sylvestris,Decaimiento,2020-06-01,nbr,0.37427179117928266,0.06815185825222016,0.009638128224121849
Pinus sylvestris,Decaimiento,2020-06-01,ndvi,0.6707320813735606,0.05702940462765159,0.008065175747848782
Pinus sylvestris,Decaimiento,2020-07-01,evi,0.3419339870999662,0.0692936784265165,0.00730419504263549
Pinus sylvestris,Decaimiento,2020-07-01,nbr,0.29961863456543786,0.11767140081996359,0.012403654735122999
Pinus sylvestris,Decaimiento,2020-07-01,ndvi,0.5848393224273115,0.17351679143808416,0.018290275774291646
Pinus sylvestris,Decaimiento,2020-08-01,evi,0.34084207197267363,0.04289578174414891,0.004795894196395573
Pinus sylvestris,Decaimiento,2020-08-01,nbr,0.33881187955232317,0.09373063993370297,0.01047940412331581
Pinus sylvestris,Decaimiento,2020-08-01,ndvi,0.6386332265635225,0.06313173697190996,0.00705834277034137
Pinus sylvestris,Decaimiento,2020-09-01,evi,0.3221248281214771,0.04788342562078713,0.00677173899258005
Pinus sylvestris,Decaimiento,2020-09-01,nbr,0.3691934898141634,0.09438513428028428,0.013348073698558376
Pinus sylvestris,Decaimiento,2020-09-01,ndvi,0.6361795836848742,0.08591836697373802,0.012150691983120892
Pinus sylvestris,Decaimiento,2020-10-01,evi,0.3389308910472058,0.043728908098630725,0.009778081109037938
Pinus sylvestris,Decaimiento,2020-10-01,nbr,0.44018862734541836,0.09415993099656436,0.02105480064650074
Pinus sylvestris,Decaimiento,2020-10-01,ndvi,0.711856433316876,0.07968806405962194,0.01781879282326725
Pinus sylvestris,Decaimiento,2020-11-01,evi,0.3124150493246609,0.05299312499451761,0.009675176650729376
Pinus sylvestris,Decaimiento,2020-11-01,nbr,0.43301301538413245,0.10479212942876115,0.019132337712377812
Pinus sylvestris,Decaimiento,2020-11-01,ndvi,0.7234602624253823,0.07981181449175245,0.014571577050850177
Pinus sylvestris,Decaimiento,2020-12-01,evi,0.2927647009370459,0.06537911335523997,0.020674690960489146
Pinus sylvestris,Decaimiento,2020-12-01,nbr,0.48107691631533456,0.10166494664626807,0.03214927896017037
Pinus sylvestris,Decaimiento,2020-12-01,ndvi,0.7350640659564678,0.06841085032730576,0.021633410370316165
Pinus sylvestris,Decaimiento,2021-01-01,evi,0.30041513662903324,0.09359727349260519,0.013952657735873623
Pinus sylvestris,Decaimiento,2021-01-01,nbr,0.6243165462436809,0.21501019189134513,0.032051826994954784
Pinus sylvestris,Decaimiento,2021-01-01,ndvi,0.47106474137585275,0.23628203952673293,0.035222846816271136
Pinus sylvestris,Decaimiento,2021-02-01,evi,0.1389097842903307,0.006869583527019122,0.0021723530522153272
Pinus sylvestris,Decaimiento,2021-02-01,nbr,0.3221098517693819,0.07177331564251353,0.022696715265253423
Pinus sylvestris,Decaimiento,2021-02-01,ndvi,0.43239923235774796,0.02057825711651291,0.006507416276474974
Pinus sylvestris,Decaimiento,2021-03-01,evi,0.3346985682111432,0.030025152321007508,0.006713828162455837
Pinus sylvestris,Decaimiento,2021-03-01,nbr,0.3925483696711245,0.0754112417147979,0.016862466274195593
Pinus sylvestris,Decaimiento,2021-03-01,ndvi,0.7133147633434107,0.05440143268647025,0.012164530156032647
Pinus sylvestris,Decaimiento,2021-04-01,evi,0.35716869200909956,0.028151585955743543,0.005139752885835456
Pinus sylvestris,Decaimiento,2021-04-01,nbr,0.4000288079935482,0.06140138689622058,0.01121030822172071
Pinus sylvestris,Decaimiento,2021-04-01,ndvi,0.6958662017385239,0.04570980854648648,0.008345431080051025
Pinus sylvestris,Decaimiento,2021-05-01,evi,0.3406576315162449,0.021410214775086447,0.006770504388266283
Pinus sylvestris,Decaimiento,2021-05-01,nbr,0.3711648210825378,0.04472829732552867,0.014144329540988836
Pinus sylvestris,Decaimiento,2021-05-01,ndvi,0.6952055845382281,0.05420951092115013,0.017142552535460685
Pinus sylvestris,Decaimiento,2021-06-01,evi,0.29867995085798127,0.12498147092523643,0.0176750491227808
Pinus sylvestris,Decaimiento,2021-06-01,nbr,0.3572709233831845,0.06056523414147414,0.008565217553117474
Pinus sylvestris,Decaimiento,2021-06-01,ndvi,0.601543606605274,0.0993268301058914,0.014046935024327986
Pinus sylvestris,Decaimiento,2021-07-01,evi,0.3175576306957566,0.04896626672920362,0.005474595050544279
Pinus sylvestris,Decaimiento,2021-07-01,nbr,0.2874863278447273,0.08625990514898595,0.009644150582290834
Pinus sylvestris,Decaimiento,2021-07-01,ndvi,0.6047773768558211,0.08843641539978965,0.009887491826016944
Pinus sylvestris,Decaimiento,2021-08-01,evi,0.2903346866427295,0.045621749415943616,0.005100666647325562
Pinus sylvestris,Decaimiento,2021-08-01,nbr,0.27377727201434243,0.09497915529900774,0.010618992384704533
Pinus sylvestris,Decaimiento,2021-08-01,ndvi,0.5664398733826627,0.09524543964326294,0.010648763879459462
Pinus sylvestris,Decaimiento,2021-09-01,evi,0.3250695334823637,0.04377498697539196,0.009788384659114432
Pinus sylvestris,Decaimiento,2021-09-01,nbr,0.3309287594644524,0.11779951282784541,0.02634077183994208
Pinus sylvestris,Decaimiento,2021-09-01,ndvi,0.6318566640019102,0.10472245078036345,0.023416651871526854
Pinus sylvestris,Decaimiento,2021-10-01,evi,0.32550464037250915,0.032072677569001125,0.0038334181808427617
Pinus sylvestris,Decaimiento,2021-10-01,nbr,0.39930381661663467,0.09914122584398181,0.011849642949320944
Pinus sylvestris,Decaimiento,2021-10-01,ndvi,0.7100828793141286,0.08126236280242724,0.009712710088357206
Pinus sylvestris,Decaimiento,2021-11-01,evi,0.29572884499423147,0.07349720645191193,0.011620928702383218
Pinus sylvestris,Decaimiento,2021-11-01,nbr,0.37139118697165263,0.1554628295250693,0.024580831639684587
Pinus sylvestris,Decaimiento,2021-11-01,ndvi,0.5611835953834379,0.267222825852542,0.042251638624027935
Pinus sylvestris,Decaimiento,2021-12-01,evi,0.30561355776420407,0.05083941052969279,0.009281963985792802
Pinus sylvestris,Decaimiento,2021-12-01,nbr,0.4444575003117802,0.0999067774293336,0.018240398548564667
Pinus sylvestris,Decaimiento,2021-12-01,ndvi,0.7086617449438118,0.06037009153073246,0.01102202031001125
Pinus sylvestris,Decaimiento,2022-01-01,evi,0.27183946692747285,0.09132448129539493,0.010210387409320554
Pinus sylvestris,Decaimiento,2022-01-01,nbr,0.3396939159471748,0.14803117957008669,0.016550389015409596
Pinus sylvestris,Decaimiento,2022-01-01,ndvi,0.5456931744900745,0.26356630146216137,0.02946760833237975
Pinus sylvestris,Decaimiento,2022-02-01,evi,0.2709075228395418,0.07781369672996838,0.011004518525390824
Pinus sylvestris,Decaimiento,2022-02-01,nbr,0.29810717128747655,0.14625214759191293,0.020683177065067487
Pinus sylvestris,Decaimiento,2022-02-01,ndvi,0.5285857300101432,0.26229950116130446,0.037094751194601414
Pinus sylvestris,Decaimiento,2022-04-01,evi,0.3153381115215246,0.03436848596650698,0.006274798343718539
Pinus sylvestris,Decaimiento,2022-04-01,nbr,0.31873543880255617,0.08160741721714797,0.01489940775652247
Pinus sylvestris,Decaimiento,2022-04-01,ndvi,0.6641650937099474,0.055959650166315364,0.010216787568729548
Pinus sylvestris,Decaimiento,2022-05-01,evi,0.2731530515701189,0.42423257085517596,0.050705490569758656
Pinus sylvestris,Decaimiento,2022-05-01,nbr,0.3329827536744007,0.11917110783358294,0.01424367174887724
Pinus sylvestris,Decaimiento,2022-05-01,ndvi,0.49622890349967846,0.2634463112895872,0.0314878568276929
Pinus sylvestris,Decaimiento,2022-06-01,evi,0.3332310277128961,0.04367441317305984,0.007973820426895217
Pinus sylvestris,Decaimiento,2022-06-01,nbr,0.31118055017260116,0.07292651907069432,0.013314499845116654
Pinus sylvestris,Decaimiento,2022-06-01,ndvi,0.6003472147260068,0.08130681056123139,0.014844524741061902
Pinus sylvestris,Decaimiento,2022-07-01,evi,0.27841691498324556,0.08893749257442599,0.008479857195102284
Pinus sylvestris,Decaimiento,2022-07-01,nbr,0.21650032079190093,0.18447140627244243,0.017588658466629856
Pinus sylvestris,Decaimiento,2022-07-01,ndvi,0.5800016313649523,0.14795036874214657,0.01410651416607272
Pinus sylvestris,Decaimiento,2022-08-01,evi,0.3100288875188054,0.05652082246380795,0.005652082246380795
Pinus sylvestris,Decaimiento,2022-08-01,nbr,0.2748361776366308,0.10001910326603969,0.010001910326603969
Pinus sylvestris,Decaimiento,2022-08-01,ndvi,0.5350769934627142,0.12232672929623764,0.012232672929623763
Pinus sylvestris,Decaimiento,2022-09-01,evi,0.30590091613595694,0.048245207160174004,0.007628237040640689
Pinus sylvestris,Decaimiento,2022-09-01,nbr,0.30218693039311556,0.12021830717929051,0.019008183356816512
Pinus sylvestris,Decaimiento,2022-09-01,ndvi,0.5730815501127842,0.1015997885704905,0.016064337083714637
Pinus sylvestris,Decaimiento,2022-10-01,evi,0.18113232702898363,0.5031996377998081,0.09187126418379472
Pinus sylvestris,Decaimiento,2022-10-01,nbr,0.3092998410514773,0.09447633359634659,0.017248939687034066
Pinus sylvestris,Decaimiento,2022-10-01,ndvi,0.39886402641108953,0.2923002566401944,0.053366481375461225
Pinus sylvestris,Decaimiento,2022-11-01,evi,0.3228556138482303,0.04451173301439212,0.01407584589267915
Pinus sylvestris,Decaimiento,2022-11-01,nbr,0.46254833271252593,0.07393402418226827,0.023379991299793568
Pinus sylvestris,Decaimiento,2022-11-01,ndvi,0.6843775834473873,0.049532832282497566,0.015663656897180914
Pinus sylvestris,Decaimiento,2022-12-01,evi,0.31797549435789063,0.05512724611035136,0.017432765884136826
Pinus sylvestris,Decaimiento,2022-12-01,nbr,0.44905426815806,0.08078884583344678,0.0255476762369896
Pinus sylvestris,Decaimiento,2022-12-01,ndvi,0.7117264186593351,0.05603434770885285,0.017719616596181258
Pinus sylvestris,Decaimiento,2023-01-01,evi,0.3105766700164769,0.06214139942660765,0.009825417958918075
Pinus sylvestris,Decaimiento,2023-01-01,nbr,0.4669365557102124,0.07763096093619481,0.01227453267529665
Pinus sylvestris,Decaimiento,2023-01-01,ndvi,0.6978228166395951,0.07381555723945893,0.011671264381561063
Pinus sylvestris,Decaimiento,2023-02-01,evi,0.3315954250996262,0.04736398421155158,0.007488903458437869
Pinus sylvestris,Decaimiento,2023-02-01,nbr,0.4088418200106247,0.08564875401182537,0.01354225707164261
Pinus sylvestris,Decaimiento,2023-02-01,ndvi,0.7065675921055764,0.05696198803589481,0.009006481112234432
Pinus sylvestris,Decaimiento,2023-03-01,evi,0.3329857079997489,0.04131181128899097,0.0058423723811088955
Pinus sylvestris,Decaimiento,2023-03-01,nbr,0.40124235326309204,0.07827213331555202,0.011069351249072863
Pinus sylvestris,Decaimiento,2023-03-01,ndvi,0.7079725724361807,0.07842637426975194,0.011091164214003153
Pinus sylvestris,Decaimiento,2023-04-01,evi,0.35957274895977076,0.027960019392113723,0.003954143862854196
Pinus sylvestris,Decaimiento,2023-04-01,nbr,0.396596433312402,0.08226095321463217,0.011633455568987146
Pinus sylvestris,Decaimiento,2023-04-01,ndvi,0.6739080846630481,0.05608371509415532,0.007931435051442311
Pinus sylvestris,Decaimiento,2023-05-01,evi,0.34898795370413027,0.04946819730833014,0.009031615848296252
Pinus sylvestris,Decaimiento,2023-05-01,nbr,0.2693695666999842,0.08809462428131036,0.016083804304605338
Pinus sylvestris,Decaimiento,2023-05-01,ndvi,0.5168368665969955,0.16072122602243374,0.029343546987457756
Pinus sylvestris,Decaimiento,2023-06-01,evi,0.3266395496241449,0.07896483699985954,0.012485436999174664
Pinus sylvestris,Decaimiento,2023-06-01,nbr,0.36278328562229334,0.09988526444816906,0.015793247017222792
Pinus sylvestris,Decaimiento,2023-06-01,ndvi,0.6148079615347724,0.08179461762531523,0.012932864601927456
Pinus sylvestris,Decaimiento,2023-07-01,evi,0.35251794892559735,0.08020436799447547,0.008967120946402781
Pinus sylvestris,Decaimiento,2023-07-01,nbr,0.29516722926419137,0.10091582194855696,0.011282731894111931
Pinus sylvestris,Decaimiento,2023-07-01,ndvi,0.5938852590252348,0.09551096744670015,0.010678450790379553
Pinus sylvestris,Decaimiento,2023-08-01,evi,0.30325715239495454,0.05153746638734635,0.004913904614483693
Pinus sylvestris,Decaimiento,2023-08-01,nbr,0.2584267118130915,0.11063522560956854,0.010548654867146949
Pinus sylvestris,Decaimiento,2023-08-01,ndvi,0.5604222611619778,0.10264229510573687,0.009786558845762607
Pinus sylvestris,Decaimiento,2023-09-01,evi,0.3502909824406066,0.038213479745146516,0.005404202132105577
Pinus sylvestris,Decaimiento,2023-09-01,nbr,0.3789248589215172,0.1097258902214166,0.015517584209458871
Pinus sylvestris,Decaimiento,2023-09-01,ndvi,0.6756173319210482,0.08493608652642422,0.012011776550056382
Pinus sylvestris,Decaimiento,2023-10-01,evi,0.3587528651484351,0.02704054368597712,0.00493690524800452
Pinus sylvestris,Decaimiento,2023-10-01,nbr,0.4019453028352315,0.08812276569449186,0.016088942200205198
Pinus sylvestris,Decaimiento,2023-10-01,ndvi,0.686370385250172,0.06763160917616466,0.012347785982052923
Pinus sylvestris,Decaimiento,2023-11-01,evi,0.3531989886121634,0.0488245600374825,0.010917503521533055
Pinus sylvestris,Decaimiento,2023-11-01,nbr,0.4493057630844661,0.07604249484080536,0.017003618764271783
Pinus sylvestris,Decaimiento,2023-11-01,ndvi,0.7149219881949817,0.05252440056543851,0.011744813014174888
Pinus sylvestris,Decaimiento,2023-12-01,evi,0.33302457649824707,0.054078711892283866,0.007647884779373502
Pinus sylvestris,Decaimiento,2023-12-01,nbr,0.470885229515636,0.07778923729027683,0.01100105943825684
Pinus sylvestris,Decaimiento,2023-12-01,ndvi,0.7235285336713498,0.05606823427662449,0.007929245733231439
Pinus sylvestris,Sanos,2017-06-01,evi,0.4003425882083064,0.0630339479286052,0.012866750741520617
Pinus sylvestris,Sanos,2017-06-01,nbr,0.4970667701016104,0.052294327541424886,0.01067453490987201
Pinus sylvestris,Sanos,2017-06-01,ndvi,0.7450239901784804,0.06585026611902585,0.013441629284841373
Pinus sylvestris,Sanos,2017-07-01,evi,0.4011959693005301,0.051719656599654565,0.008177595732833385
Pinus sylvestris,Sanos,2017-07-01,nbr,0.5079373157703275,0.05452693131381869,0.008621464838561224
Pinus sylvestris,Sanos,2017-07-01,ndvi,0.7612404108402545,0.07736303059125976,0.012232169168083182
Pinus sylvestris,Sanos,2017-08-01,evi,0.3917674081476647,0.046295797356817554,0.011573949339204389
Pinus sylvestris,Sanos,2017-08-01,nbr,0.5276475247961173,0.04800572841524194,0.012001432103810486
Pinus sylvestris,Sanos,2017-08-01,ndvi,0.7818554632280572,0.07678988586571459,0.019197471466428646
Pinus sylvestris,Sanos,2017-09-01,evi,0.354436072033646,0.0740303248101957,0.013086836171683021
Pinus sylvestris,Sanos,2017-09-01,nbr,0.5047063615246379,0.11437165946445822,0.020218243995719247
Pinus sylvestris,Sanos,2017-09-01,ndvi,0.6934636473825134,0.16295177835406818,0.02880607687014222
Pinus sylvestris,Sanos,2017-10-01,evi,0.38718136410510295,0.04797979884738527,0.007586272301722949
Pinus sylvestris,Sanos,2017-10-01,nbr,0.5881901433397367,0.0493682942151026,0.007805812695851939
Pinus sylvestris,Sanos,2017-10-01,ndvi,0.8135467277420246,0.05489330640278888,0.008679393826515856
Pinus sylvestris,Sanos,2017-12-01,evi,0.41447359958885743,0.100373849229823,0.020488726177676386
Pinus sylvestris,Sanos,2017-12-01,nbr,0.631666353968788,0.09044855878651,0.018462734749756463
Pinus sylvestris,Sanos,2017-12-01,ndvi,0.8789886612558909,0.07276803373429698,0.014853712686221729
Pinus sylvestris,Sanos,2018-01-01,evi,0.40192775234371025,0.07102509787985596,0.012555582086321107
Pinus sylvestris,Sanos,2018-01-01,nbr,0.6578353107363631,0.08367923283573457,0.01479253824565898
Pinus sylvestris,Sanos,2018-01-01,ndvi,0.8219296420297079,0.07400715248600326,0.013082739844789939
Pinus sylvestris,Sanos,2018-02-01,evi,0.2731218121823304,0.046698573946842736,0.011674643486710684
Pinus sylvestris,Sanos,2018-02-01,nbr,0.37846359786813477,0.14913706522191522,0.037284266305478805
Pinus sylvestris,Sanos,2018-02-01,ndvi,0.49460044837201766,0.21771652359537558,0.054429130898843894
Pinus sylvestris,Sanos,2018-04-01,evi,0.3048251700827601,0.04187385903477834,0.007402322419485336
Pinus sylvestris,Sanos,2018-04-01,nbr,0.34933327142123893,0.09489467309120007,0.016775166710317042
Pinus sylvestris,Sanos,2018-04-01,ndvi,0.6001303588990115,0.07851687216785565,0.013879953186862005
Pinus sylvestris,Sanos,2018-05-01,evi,0.3394038538994775,0.04976971389238806,0.017596251095510957
Pinus sylvestris,Sanos,2018-06-01,evi,0.4233980515135175,0.059586982546732586,0.009421529187218778
Pinus sylvestris,Sanos,2018-06-01,nbr,0.4870506227241425,0.04934573216914613,0.007802245323157147
Pinus sylvestris,Sanos,2018-06-01,ndvi,0.694587332161938,0.05869714952940207,0.009280834233619552
Pinus sylvestris,Sanos,2018-07-01,evi,0.4257714746744974,0.11794571819803142,0.015761159561929354
Pinus sylvestris,Sanos,2018-07-01,nbr,0.5339853235524309,0.10332539476146384,0.013807436662520167
Pinus sylvestris,Sanos,2018-07-01,ndvi,0.7411565759087217,0.07625435514654154,0.010189916828847881
Pinus sylvestris,Sanos,2018-08-01,evi,0.4562452247605087,0.04682349420043929,0.005852936775054911
Pinus sylvestris,Sanos,2018-08-01,nbr,0.5993186428103665,0.05217488287137608,0.00652186035892201
Pinus sylvestris,Sanos,2018-08-01,ndvi,0.7642507374349349,0.060767589729727886,0.007595948716215986
Pinus sylvestris,Sanos,2018-09-01,evi,0.4222634401529768,0.05336336077404028,0.006670420096755035
Pinus sylvestris,Sanos,2018-09-01,nbr,0.6324866015424742,0.04179134661274061,0.005223918326592576
Pinus sylvestris,Sanos,2018-09-01,ndvi,0.7505866591858616,0.06524628511754499,0.008155785639693124
Pinus sylvestris,Sanos,2018-10-01,evi,0.4545893681701567,0.07322860675847702,0.011578459361879354
Pinus sylvestris,Sanos,2018-10-01,nbr,0.5980777297222097,0.11769413887297694,0.01860907730453849
Pinus sylvestris,Sanos,2018-10-01,ndvi,0.7464494569052027,0.12256949697790478,0.019379939105565198
Pinus sylvestris,Sanos,2018-12-01,evi,0.3973288809479113,0.11423682128328548,0.02331849349846357
Pinus sylvestris,Sanos,2018-12-01,nbr,0.6429126340090052,0.10755054234627977,0.021953662525665014
Pinus sylvestris,Sanos,2018-12-01,ndvi,0.7906783957985412,0.050277697888135214,0.01026289210564489
Pinus sylvestris,Sanos,2019-01-01,evi,0.4013050501308067,0.11090488743954398,0.016007741654416468
Pinus sylvestris,Sanos,2019-01-01,nbr,0.6630395842342981,0.10053309168159577,0.014510701886208663
Pinus sylvestris,Sanos,2019-01-01,ndvi,0.8215008384101097,0.04228817022006029,0.006103771615022131
Pinus sylvestris,Sanos,2019-02-01,evi,0.3546575495617563,0.09646086713816944,0.012890125573648265
Pinus sylvestris,Sanos,2019-02-01,nbr,0.48800676922043634,0.20777884406458527,0.027765615953914514
Pinus sylvestris,Sanos,2019-02-01,ndvi,0.6666062050892604,0.24858849109289505,0.03321903442731139
Pinus sylvestris,Sanos,2019-03-01,evi,0.344158601445417,0.08104847057188956,0.009296897177668335
Pinus sylvestris,Sanos,2019-03-01,nbr,0.511311493848729,0.11401184268748282,0.013078055280041955
Pinus sylvestris,Sanos,2019-03-01,ndvi,0.7306926194025752,0.05609414078472845,0.006434439236983543
Pinus sylvestris,Sanos,2019-04-01,evi,0.3587540327972905,0.07272855987949255,0.018182139969873137
Pinus sylvestris,Sanos,2019-04-01,nbr,0.4485519008363872,0.13983387290349214,0.034958468225873035
Pinus sylvestris,Sanos,2019-04-01,ndvi,0.6790007415614616,0.06158659368539952,0.01539664842134988
Pinus sylvestris,Sanos,2019-05-01,evi,0.39898619684340064,0.05855117555485846,0.008451134241991643
Pinus sylvestris,Sanos,2019-05-01,nbr,0.47272282623509415,0.09132375958024516,0.013181449294265802
Pinus sylvestris,Sanos,2019-05-01,ndvi,0.6949212838056918,0.0604990357921721,0.008732283650080842
Pinus sylvestris,Sanos,2019-06-01,evi,0.44767457122300974,0.06679954567226708,0.009641683918907025
Pinus sylvestris,Sanos,2019-06-01,nbr,0.5668586528941214,0.047450261606487104,0.0068488553279058735
Pinus sylvestris,Sanos,2019-06-01,ndvi,0.7402261057325384,0.06122328885123956,0.008836820574734344
Pinus sylvestris,Sanos,2019-07-01,evi,0.4241135254481171,0.11837289602698328,0.01581824360047092
Pinus sylvestris,Sanos,2019-07-01,nbr,0.5205294288361079,0.13996642518175514,0.018703800310059155
Pinus sylvestris,Sanos,2019-07-01,ndvi,0.6925086220969445,0.1475406954956809,0.01971595475539926
Pinus sylvestris,Sanos,2019-08-01,evi,0.4015089303503778,0.11490168639577453,0.014833743928732735
Pinus sylvestris,Sanos,2019-08-01,nbr,0.5635289423461403,0.058390933305659413,0.007538237075410897
Pinus sylvestris,Sanos,2019-08-01,ndvi,0.7362184992279612,0.07678861585514278,0.009913367679509559
Pinus sylvestris,Sanos,2019-09-01,evi,0.466888592491501,0.17353812216851852,0.025048070387164084
Pinus sylvestris,Sanos,2019-09-01,nbr,0.6243095069291197,0.04418553991031552,0.006377633340377405
Pinus sylvestris,Sanos,2019-09-01,ndvi,0.7207475881349651,0.16347154023772215,0.023595084440272907
Pinus sylvestris,Sanos,2019-10-01,evi,0.413006794629882,0.034646207853968936,0.006124642128985014
Pinus sylvestris,Sanos,2019-10-01,nbr,0.6468669020398162,0.04817430438443083,0.008516094327293966
Pinus sylvestris,Sanos,2019-10-01,ndvi,0.8068446270607841,0.034008032158801535,0.0060118275385746866
Pinus sylvestris,Sanos,2019-11-01,nbr,0.6754860422738986,0.04378090817718548,0.01547888852929671
Pinus sylvestris,Sanos,2019-11-01,ndvi,0.7045787591887085,0.033605785865318163,0.01188143953623475
Pinus sylvestris,Sanos,2019-12-01,evi,0.38631931786170765,0.095032376594199,0.019398402641649888
Pinus sylvestris,Sanos,2019-12-01,nbr,0.5835572910305812,0.17746032454438482,0.03622393706020371
Pinus sylvestris,Sanos,2019-12-01,ndvi,0.7324588229155031,0.16993358814030815,0.034687548425335495
Pinus sylvestris,Sanos,2020-01-01,evi,0.43280127193502455,0.10143080084765878,0.025357700211914695
Pinus sylvestris,Sanos,2020-01-01,nbr,0.4572360410352088,0.25502378575675383,0.06375594643918846
Pinus sylvestris,Sanos,2020-01-01,ndvi,0.6668217581211854,0.2047941777721014,0.05119854444302535
Pinus sylvestris,Sanos,2020-02-01,evi,0.3697260273741448,0.07302810835466225,0.01154675778071521
Pinus sylvestris,Sanos,2020-02-01,nbr,0.597963908906786,0.0941527242516504,0.014886852827249383
Pinus sylvestris,Sanos,2020-02-01,ndvi,0.7948390100745775,0.04067616884301722,0.006431467001675521
Pinus sylvestris,Sanos,2020-03-01,evi,0.36656855714729575,0.06452981836778714,0.016132454591946784
Pinus sylvestris,Sanos,2020-03-01,nbr,0.4672335282205543,0.11796873320073614,0.029492183300184036
Pinus sylvestris,Sanos,2020-03-01,ndvi,0.7112592249118979,0.05489618403727814,0.013724046009319535
Pinus sylvestris,Sanos,2020-04-01,evi,0.37085911908736663,0.05182875510357696,0.018324232097098072
Pinus sylvestris,Sanos,2020-04-01,nbr,0.48364776254228403,0.08744615953123532,0.030916886196628565
Pinus sylvestris,Sanos,2020-04-01,ndvi,0.7071361868701435,0.04044200141589465,0.014298406722967531
Pinus sylvestris,Sanos,2020-05-01,evi,0.3965190580483112,0.11586851566837729,0.02365156172010018
Pinus sylvestris,Sanos,2020-05-01,nbr,0.47401854659264614,0.0500315891949068,0.010212655379005491
Pinus sylvestris,Sanos,2020-05-01,ndvi,0.6645599070279713,0.077958415127339,0.015913194851504154
Pinus sylvestris,Sanos,2020-06-01,evi,0.46576564417176947,0.056111036993148,0.009919123689316044
Pinus sylvestris,Sanos,2020-06-01,nbr,0.5798114579744754,0.03959912377097382,0.007000202236875249
Pinus sylvestris,Sanos,2020-06-01,ndvi,0.7653944625034274,0.05813489902212208,0.010276895330534427
Pinus sylvestris,Sanos,2020-07-01,evi,0.46173553840943454,0.10120857077384435,0.011927544451397327
Pinus sylvestris,Sanos,2020-07-01,nbr,0.5537738455828883,0.15313628358740605,0.018047284095060172
Pinus sylvestris,Sanos,2020-07-01,ndvi,0.7139425266134605,0.19690074538460026,0.02320497538035611
Pinus sylvestris,Sanos,2020-08-01,evi,0.47846216192991264,0.05310404953802086,0.006638006192252607
Pinus sylvestris,Sanos,2020-08-01,nbr,0.6336299453690505,0.04206880480766832,0.00525860060095854
Pinus sylvestris,Sanos,2020-08-01,ndvi,0.7925250138327573,0.05332461486854672,0.00666557685856834
Pinus sylvestris,Sanos,2020-09-01,evi,0.46580655465070514,0.048779833641462586,0.007712768909556355
Pinus sylvestris,Sanos,2020-09-01,nbr,0.655499604010915,0.039804421384880356,0.006293631626066783
Pinus sylvestris,Sanos,2020-09-01,ndvi,0.8090569977088279,0.04863632715379418,0.007690078541554203
Pinus sylvestris,Sanos,2020-10-01,evi,0.44141086716856237,0.048316618884108535,0.012079154721027134
Pinus sylvestris,Sanos,2020-10-01,nbr,0.675901358645935,0.05021935651359191,0.012554839128397978
Pinus sylvestris,Sanos,2020-10-01,ndvi,0.8209696634949355,0.04699913662356378,0.011749784155890945
Pinus sylvestris,Sanos,2020-11-01,evi,0.3857485103094416,0.07202190252550807,0.014701409290996824
Pinus sylvestris,Sanos,2020-11-01,nbr,0.6536754744596888,0.08702272127426959,0.017763438595866904
Pinus sylvestris,Sanos,2020-11-01,ndvi,0.8280793610391147,0.05020791881479536,0.010248648511944316
Pinus sylvestris,Sanos,2020-12-01,evi,0.40195155107293934,0.10578970798797334,0.03740230994902031
Pinus sylvestris,Sanos,2020-12-01,nbr,0.7567303318268407,0.07083285151761773,0.025043194819443663
Pinus sylvestris,Sanos,2020-12-01,ndvi,0.865022084826834,0.031632727152948445,0.011183857938636837
Pinus sylvestris,Sanos,2021-01-01,evi,0.4688732333862112,0.08821007944504522,0.015842997960533158
Pinus sylvestris,Sanos,2021-01-01,nbr,0.7706485197369181,0.059994535647163214,0.010775336694864864
Pinus sylvestris,Sanos,2021-01-01,ndvi,0.8189353122974656,0.10793620783596661,0.01938591520800353
Pinus sylvestris,Sanos,2021-02-01,evi,0.15863529142359584,0.02090932746155985,0.007392563619059535
Pinus sylvestris,Sanos,2021-02-01,nbr,0.37962022504911497,0.03398931585129876,0.01201703786317238
Pinus sylvestris,Sanos,2021-02-01,ndvi,0.35456894348999896,0.037283332941587935,0.013181648774116308
Pinus sylvestris,Sanos,2021-03-01,evi,0.336206402408879,0.07088210232082232,0.01772052558020558
Pinus sylvestris,Sanos,2021-03-01,nbr,0.47266181037781224,0.13236187600258206,0.033090469000645516
Pinus sylvestris,Sanos,2021-03-01,ndvi,0.733992690813214,0.06584029920320245,0.01646007480080061
Pinus sylvestris,Sanos,2021-04-01,evi,0.387043300131918,0.053560660252358706,0.010933023992070611
Pinus sylvestris,Sanos,2021-04-01,nbr,0.45154138294179574,0.11120287459649782,0.02269919172434379
Pinus sylvestris,Sanos,2021-04-01,ndvi,0.6201386009838025,0.18821183902868824,0.03841858076426088
Pinus sylvestris,Sanos,2021-05-01,evi,0.29199306612089415,0.05646260733838706,0.014115651834596765
Pinus sylvestris,Sanos,2021-05-01,nbr,0.29169876891691837,0.12778075627785476,0.03194518906946369
Pinus sylvestris,Sanos,2021-05-01,ndvi,0.5576444009490373,0.14061228970184497,0.03515307242546124
Pinus sylvestris,Sanos,2021-06-01,evi,0.37268601511331423,0.1561677966295246,0.024692296725963216
Pinus sylvestris,Sanos,2021-06-01,nbr,0.542172585066823,0.07105884074102209,0.011235389231639841
Pinus sylvestris,Sanos,2021-06-01,ndvi,0.730871951208608,0.19487831268240222,0.030812966732343433
Pinus sylvestris,Sanos,2021-07-01,evi,0.4382257187327893,0.0964753456335626,0.011369728519134682
Pinus sylvestris,Sanos,2021-07-01,nbr,0.603351210661824,0.05244517261726592,0.006180722866361295
Pinus sylvestris,Sanos,2021-07-01,ndvi,0.7900840036482615,0.05311323212452508,0.006259454434331144
Pinus sylvestris,Sanos,2021-08-01,evi,0.4448051056044596,0.054374169739142365,0.006796771217392796
Pinus sylvestris,Sanos,2021-08-01,nbr,0.6170926624356302,0.05266655214400437,0.006583319018000546
Pinus sylvestris,Sanos,2021-08-01,ndvi,0.7709588811538227,0.07313311999330903,0.009141639999163629
Pinus sylvestris,Sanos,2021-09-01,evi,0.447602939006952,0.03969198684252678,0.009922996710631696
Pinus sylvestris,Sanos,2021-09-01,nbr,0.6402590886307253,0.03191787323939853,0.007979468309849632
Pinus sylvestris,Sanos,2021-09-01,ndvi,0.7981265456631013,0.04936265084940253,0.012340662712350632
Pinus sylvestris,Sanos,2021-10-01,evi,0.4290979300534375,0.04916218524039876,0.006569573341238816
Pinus sylvestris,Sanos,2021-10-01,nbr,0.6990104705528013,0.040694203721455977,0.005437991712616763
Pinus sylvestris,Sanos,2021-10-01,ndvi,0.8459957496374495,0.031787151859740743,0.004247736841446571
Pinus sylvestris,Sanos,2021-11-01,evi,0.3873215907014644,0.11263402742334268,0.01991107114584929
Pinus sylvestris,Sanos,2021-11-01,nbr,0.5647543710400426,0.2695682953062835,0.04765339240099271
Pinus sylvestris,Sanos,2021-11-01,ndvi,0.6557529881105946,0.3238148692678452,0.057242922477082174
Pinus sylvestris,Sanos,2021-12-01,evi,0.43523897821683777,0.07775703100450808,0.01587208748956801
Pinus sylvestris,Sanos,2021-12-01,nbr,0.7070120197700314,0.06094584800814428,0.012440519130097668
Pinus sylvestris,Sanos,2021-12-01,ndvi,0.8472932448857315,0.022304538602976237,0.004552894877125144
Pinus sylvestris,Sanos,2022-01-01,evi,0.40067108916950983,0.10711794075413535,0.013389742594266918
Pinus sylvestris,Sanos,2022-01-01,nbr,0.5829574094082522,0.20523360336974467,0.025654200421218083
Pinus sylvestris,Sanos,2022-01-01,ndvi,0.6987732250144371,0.26575869224578674,0.03321983653072334
Pinus sylvestris,Sanos,2022-02-01,evi,0.35063403900924334,0.12669769649309454,0.020032664760745323
Pinus sylvestris,Sanos,2022-02-01,nbr,0.497608154846367,0.22907102057320536,0.03621930854753092
Pinus sylvestris,Sanos,2022-02-01,ndvi,0.6066503600111163,0.31203192706676014,0.04933657961112523
Pinus sylvestris,Sanos,2022-04-01,evi,0.3654043288150631,0.05329047148916027,0.010877871941731457
Pinus sylvestris,Sanos,2022-04-01,nbr,0.4996602607987271,0.06526493527744745,0.013322149127126294
Pinus sylvestris,Sanos,2022-04-01,ndvi,0.7484346143242407,0.059061915048822064,0.012055962925101757
Pinus sylvestris,Sanos,2022-05-01,evi,0.34761503418389345,0.18112057737808274,0.024203255222980877
Pinus sylvestris,Sanos,2022-05-01,nbr,0.3791802519773952,0.1425137885021102,0.019044206052359278
Pinus sylvestris,Sanos,2022-05-01,ndvi,0.5457576881167059,0.28275727288909563,0.03778502995605499
Pinus sylvestris,Sanos,2022-06-01,evi,0.43190641053357726,0.053658561897277295,0.010953008081656418
Pinus sylvestris,Sanos,2022-06-01,nbr,0.5495352837750177,0.03968511479756638,0.008100690136484314
Pinus sylvestris,Sanos,2022-06-01,ndvi,0.7392719015980883,0.05402415308285133,0.011027634069916047
Pinus sylvestris,Sanos,2022-07-01,evi,0.3707858652323552,0.166904078249389,0.017792034522721295
Pinus sylvestris,Sanos,2022-07-01,nbr,0.4986075331511814,0.21017615265235132,0.022404853153173716
Pinus sylvestris,Sanos,2022-07-01,ndvi,0.688407384764704,0.2302181471091539,0.024541336940866458
Pinus sylvestris,Sanos,2022-08-01,evi,0.4178113333227912,0.08766440828571846,0.009801178806708114
Pinus sylvestris,Sanos,2022-08-01,nbr,0.5884083215558701,0.0484046535267656,0.005411804785658641
Pinus sylvestris,Sanos,2022-08-01,ndvi,0.7851305177952742,0.07965293522392208,0.00890546888840386
Pinus sylvestris,Sanos,2022-09-01,evi,0.3978225590943313,0.10220115353817422,0.018066782177982625
Pinus sylvestris,Sanos,2022-09-01,nbr,0.4867002722712468,0.23063151060958473,0.040770276276833634
Pinus sylvestris,Sanos,2022-09-01,ndvi,0.6250348627229291,0.3137648254173287,0.05546630893760158
Pinus sylvestris,Sanos,2022-10-01,evi,0.3399869500623482,0.1569478103543737,0.03203683763460982
Pinus sylvestris,Sanos,2022-10-01,nbr,0.5247085696535987,0.12817497105350614,0.026163606406424508
Pinus sylvestris,Sanos,2022-10-01,ndvi,0.4946608144792742,0.3384972131586258,0.06909545429939541
Pinus sylvestris,Sanos,2022-11-01,evi,0.42068618798110413,0.06557759607841504,0.023185181440479808
Pinus sylvestris,Sanos,2022-11-01,nbr,0.679440733578195,0.05842824502354227,0.020657504134487942
Pinus sylvestris,Sanos,2022-11-01,ndvi,0.8124032806939433,0.023333058087581442,0.008249481799774227
Pinus sylvestris,Sanos,2022-12-01,evi,0.431082781421688,0.077273171005938,0.027320191611043234
Pinus sylvestris,Sanos,2022-12-01,nbr,0.717585780966963,0.05636701316606523,0.019928748622478065
Pinus sylvestris,Sanos,2022-12-01,ndvi,0.8629147090653808,0.027246126633302836,0.009632960451737916
Pinus sylvestris,Sanos,2023-01-01,evi,0.4298606694075887,0.07895320723617431,0.013957087058281413
Pinus sylvestris,Sanos,2023-01-01,nbr,0.6356585431897526,0.1821950787544265,0.032207843921518015
Pinus sylvestris,Sanos,2023-01-01,ndvi,0.7812860609146147,0.18087287447939676,0.03197410901927117
Pinus sylvestris,Sanos,2023-02-01,evi,0.42181004458681964,0.06965709168199206,0.01231375047151741
Pinus sylvestris,Sanos,2023-02-01,nbr,0.6762318728525414,0.05784099085984936,0.010224939216887148
Pinus sylvestris,Sanos,2023-02-01,ndvi,0.8590012408614152,0.03511508993904794,0.006207529554469076
Pinus sylvestris,Sanos,2023-03-01,evi,0.38088210193641925,0.06127644321967838,0.009688656374408255
Pinus sylvestris,Sanos,2023-03-01,nbr,0.5965970257856005,0.08508002364638752,0.013452332905178435
Pinus sylvestris,Sanos,2023-03-01,ndvi,0.7897962704895485,0.06642506344186991,0.010502724709874626
Pinus sylvestris,Sanos,2023-04-01,evi,0.38468235876223955,0.04776863110611454,0.007552883750184517
Pinus sylvestris,Sanos,2023-04-01,nbr,0.4665287195695543,0.08018536645039845,0.012678419649925502
Pinus sylvestris,Sanos,2023-04-01,ndvi,0.7004766208131278,0.06392631258591784,0.010107637509369435
Pinus sylvestris,Sanos,2023-05-01,evi,0.4386793597818021,0.06406076871649248,0.013076349657154486
Pinus sylvestris,Sanos,2023-05-01,nbr,0.5731708925885632,0.04145462496925794,0.008461889887760064
Pinus sylvestris,Sanos,2023-05-01,ndvi,0.7504684806553286,0.0462775090784978,0.009446356984111315
Pinus sylvestris,Sanos,2023-06-01,evi,0.4404958642894159,0.08076421913004964,0.014277231756023596
Pinus sylvestris,Sanos,2023-06-01,nbr,0.4913707301793727,0.19678205576416646,0.03478648151166786
Pinus sylvestris,Sanos,2023-06-01,ndvi,0.5639554360747469,0.24246296564795938,0.04286180179906825
Pinus sylvestris,Sanos,2023-07-01,evi,0.506799824562585,0.07247290654120199,0.009059113317650249
Pinus sylvestris,Sanos,2023-07-01,nbr,0.6349830409554997,0.04761511453304938,0.005951889316631173
Pinus sylvestris,Sanos,2023-07-01,ndvi,0.806951970681419,0.049409034839030766,0.006176129354878846
Pinus sylvestris,Sanos,2023-08-01,evi,0.4685500354414597,0.0669926683364586,0.007141442439953397
Pinus sylvestris,Sanos,2023-08-01,nbr,0.6212670952142089,0.05530488423627504,0.005895520468568972
Pinus sylvestris,Sanos,2023-08-01,ndvi,0.7647428912968424,0.08915318433333538,0.009503761382625445
Pinus sylvestris,Sanos,2023-09-01,evi,0.4192014058015688,0.11175289408448542,0.017669684021126564
Pinus sylvestris,Sanos,2023-09-01,nbr,0.7070990931799637,0.034691704684140186,0.005485240135790761
Pinus sylvestris,Sanos,2023-09-01,ndvi,0.8375544806521629,0.04341153726959784,0.006863966725060812
Pinus sylvestris,Sanos,2023-10-01,evi,0.3596778523277455,0.1640176069266073,0.033479953816880646
Pinus sylvestris,Sanos,2023-10-01,nbr,0.6657171305073953,0.06334055850238719,0.012929337362812938
Pinus sylvestris,Sanos,2023-10-01,ndvi,0.8365207328309652,0.03634498539364903,0.007418889076945645
Pinus sylvestris,Sanos,2023-11-01,evi,0.4766567586333629,0.06653218678891408,0.01663304669722852
Pinus sylvestris,Sanos,2023-11-01,nbr,0.7258748187136865,0.04109000129680697,0.010272500324201742
Pinus sylvestris,Sanos,2023-11-01,ndvi,0.8597275558281225,0.029496647540104084,0.007374161885026021
Pinus sylvestris,Sanos,2023-12-01,evi,0.5278060683602566,0.0877908694553815,0.013880955262275573
Pinus sylvestris,Sanos,2023-12-01,nbr,0.7775147849915848,0.044686134763629884,0.007065498284115019
Pinus sylvestris,Sanos,2023-12-01,ndvi,0.9008079594865063,0.028411492585259598,0.004492251414720299
